ccNumber,firstName,lastName,email,city,state,postalCode,balance
5048371925866046,Gisela,Skepper,gskepper0@over-blog.com,Cleveland,OH,44125,8765.79
5048375645414029,Berry,Duffan,bduffan1@goodreads.com,Hialeah,FL,33018,7313.96
5002355435237842,Lionel,Densell,ldensell2@sourceforge.net,Los Angeles,CA,90025,6019.16
5100146434209077,Philip,Pleasaunce,ppleasaunce3@tamu.edu,Madison,WI,53716,5630.89
5397547528077423,Bella,Ironmonger,bironmonger4@walmart.com,Columbus,GA,31914,646.2
5499910883024611,Gay,Tax,gtax5@printfriendly.com,Albuquerque,NM,87121,8412.19
5119317744659801,Anatol,Roust,aroust6@yellowpages.com,Corpus Christi,TX,78426,7204.18
5384709248866361,Ogdon,Murkin,omurkin7@simplemachines.org,Kansas City,MO,64199,7179.88
5007662170151244,Esmaria,Vardey,evardey8@ucsd.edu,Tulsa,OK,74108,5950.07
5108755061726922,Kassey,Greneham,kgreneham9@wix.com,Washington,DC,20520,7977.82
5048375316143089,Blair,Keld,bkelda@google.cn,Tucson,AZ,85737,8775.64
5429456895308647,Cher,Brumbye,cbrumbyeb@uiuc.edu,Tacoma,WA,98464,2921.16
5230144588662525,Nollie,Petrelli,npetrellic@odnoklassniki.ru,Panama City,FL,32405,5460.93
5120581094650762,Leonardo,Balderstone,lbalderstoned@slate.com,Shawnee Mission,KS,66220,8278.79
5131531152512815,Elie,Dunnaway,edunnawaye@berkeley.edu,Frederick,MD,21705,3941.66
5516846032987325,Armstrong,Bondley,abondleyf@dion.ne.jp,New York City,NY,10090,5694.8
5286387323127105,Ruthe,Caffin,rcaffing@bloglovin.com,Atlanta,GA,31119,31.37
5010125938346964,Bat,Frake,bfrakeh@smh.com.au,Jacksonville,FL,32209,914.46
5432626654700102,Zerk,Fenty,zfentyi@sohu.com,Detroit,MI,48295,6180.82
5007668656200827,Dion,Marks,dmarksj@about.me,Jamaica,NY,11470,8471.2
5100177371620547,Kalindi,Trenouth,ktrenouthk@ibm.com,Irvine,CA,92612,4815.61
5100149585858965,Ros,Tordoff,rtordoffl@hugedomains.com,Dayton,OH,45408,2313.32
5363234586095353,Nissie,Greenman,ngreenmanm@mediafire.com,Long Beach,CA,90810,7690.45
5546666778371524,Gladys,Ebbotts,gebbottsn@auda.org.au,Las Vegas,NV,89115,2123.26
5588640038980167,Toiboid,Pottinger,tpottingero@unblog.fr,Columbus,GA,31914,2367.85
5479174789635483,Woodman,Archard,warchardp@phoca.cz,New Haven,CT,06505,1155.64
5100177229311406,Aile,Titley,atitleyq@deliciousdays.com,Grand Rapids,MI,49544,763.76
5311771857097074,Juana,Bownes,jbownesr@examiner.com,Sacramento,CA,94286,8671.94
5255716250576016,Maison,Escolme,mescolmes@springer.com,Pittsburgh,PA,15261,5404.04
5010124677243094,Aili,Silverthorne,asilverthornet@webs.com,Houston,TX,77250,2786.41
5002358841651879,Olivie,Fernandez,ofernandezu@hostgator.com,Minneapolis,MN,55407,1078.6
5100142461235069,Claudetta,Flahy,cflahyv@jiathis.com,Kansas City,MO,64187,9304.46
5426107990549865,Bettye,Shank,bshankw@auda.org.au,Alpharetta,GA,30022,3341.73
5048379700893994,Ofella,Toulch,otoulchx@aboutads.info,Wilmington,DE,19892,2433.55
5100148015403798,Raul,Huntley,rhuntleyy@chron.com,Fort Lauderdale,FL,33315,9861.14
5007660366459322,Thorpe,Stoak,tstoakz@ucla.edu,Huntington,WV,25770,8933.35
5165753200583023,Dode,Streather,dstreather10@yolasite.com,El Paso,TX,79911,737.07
5108751611644012,Eli,Battelle,ebattelle11@chicagotribune.com,New York City,NY,10115,5471.22
5100149898453629,Giacopo,Kennham,gkennham12@netlog.com,Long Beach,CA,90831,832.66
5508773142482510,Cookie,McQuaker,cmcquaker13@washingtonpost.com,Los Angeles,CA,90030,3669.83
5007662062185979,Pen,Jermy,pjermy14@rambler.ru,Corpus Christi,TX,78405,5881.38
5263195311118458,Cindee,Donovin,cdonovin15@narod.ru,Los Angeles,CA,90076,3158.13
5100175112633431,Wynn,Madgwich,wmadgwich16@webnode.com,Saint Louis,MO,63180,9095.9
5002357862634855,Tristan,Zeal,tzeal17@marriott.com,Tulsa,OK,74108,5352.27
5417134535219185,Hattie,Cecil,hcecil18@simplemachines.org,Denver,CO,80299,542.46
5574957639467618,Pincus,Holton,pholton19@ftc.gov,Tallahassee,FL,32314,5577.83
5002351546538202,Florentia,Le Moucheux,flemoucheux1a@digg.com,Washington,DC,20525,3966.22
5010124235316366,Lance,Stickford,lstickford1b@ucla.edu,Washington,DC,20215,6758.9
5007660096449189,Skipp,Biernacki,sbiernacki1c@who.int,Baton Rouge,LA,70810,3916.9
5100170024279951,Renae,Crosscombe,rcrosscombe1d@si.edu,Huntsville,AL,35805,6428.51
5576384235002269,Camile,Crocken,ccrocken1e@google.com.au,Columbus,OH,43204,7867.98
5100174846094374,Kerstin,Sitford,ksitford1f@paginegialle.it,Fort Wayne,IN,46805,4965.56
5238934186230713,Thedrick,Danovich,tdanovich1g@weibo.com,Lees Summit,MO,64082,7975.53
5108755838897147,Randie,Dolman,rdolman1h@cnet.com,Evansville,IN,47705,345.01
5010125563242751,Priscilla,Chasteney,pchasteney1i@redcross.org,Charlotte,NC,28289,3874.7
5108759426125705,Darryl,Latimer,dlatimer1j@google.pl,Phoenix,AZ,85045,5461.58
5506300228208031,Neala,Chenery,nchenery1k@java.com,Lexington,KY,40591,5385.61
5173852626273068,Kinsley,Totton,ktotton1l@altervista.org,Knoxville,TN,37919,150.91
5007661431020966,Domenic,Clem,dclem1m@is.gd,Boston,MA,02124,1871.59
5187610957992811,Bryana,Cubbino,bcubbino1n@addthis.com,Washington,DC,20046,1091.48
5507014005349996,Zora,Ivanishev,zivanishev1o@slashdot.org,Dallas,TX,75241,9552.7
5413833161952233,Rory,Muff,rmuff1p@google.fr,Fresno,CA,93709,4045.63
5010125122850730,Charley,Folkard,cfolkard1q@intel.com,El Paso,TX,79916,5759.94
5100173302761955,Lind,Linfoot,llinfoot1r@samsung.com,Lansing,MI,48956,3642.58
5288929474090000,Claudio,Reckless,creckless1s@weibo.com,Honolulu,HI,96815,2450.69
5100149908365557,Nell,Simounet,nsimounet1t@webs.com,Atlanta,GA,30386,9320.91
5454754783075270,Tadio,Jakolevitch,tjakolevitch1u@independent.co.uk,Cleveland,OH,44118,3125.69
5100171126752374,Sandro,Laverock,slaverock1v@webs.com,San Antonio,TX,78225,9897.79
5010129257357495,Durant,Stable,dstable1w@phoca.cz,Atlanta,GA,31196,8136.77
5010122379767071,Jeannette,Caldes,jcaldes1x@wikipedia.org,Bronx,NY,10464,5294.52
5100178700859046,Astrix,Wallis,awallis1y@spotify.com,Huntington,WV,25726,4143.88
5100138515175491,Tobye,Treweke,ttreweke1z@bing.com,Chattanooga,TN,37410,657.57
5100133143693593,Valentine,MacCaughey,vmaccaughey20@elegantthemes.com,Texarkana,TX,75507,5671.62
5163085311505773,Kaitlynn,Davies,kdavies21@nytimes.com,Lake Worth,FL,33467,6671.63
5236269402588863,Valli,Ruckman,vruckman22@godaddy.com,Kansas City,MO,64142,9874.84
5007665629729627,Lonni,Romeril,lromeril23@weibo.com,Providence,RI,02912,8287.35
5289446084133582,Jan,Rainon,jrainon24@mail.ru,Peoria,IL,61614,6840.31
5100178514179425,Maurizio,Skydall,mskydall25@comsenz.com,Tulsa,OK,74141,225.47
5010127791622291,Ina,Collymore,icollymore26@tmall.com,Pensacola,FL,32511,1899.09
5390909291516051,Parry,Reubens,preubens27@icq.com,Atlanta,GA,30368,5723.93
5002355377229260,Florrie,De Matteis,fdematteis28@cnet.com,Brooklyn,NY,11205,3836.29
5108756643367391,Marleah,Soares,msoares29@oaic.gov.au,Edmond,OK,73034,3116.35
5263742387941667,Clarie,Janauschek,cjanauschek2a@t.co,Salt Lake City,UT,84145,5177.47
5048374928685082,Chrissy,Jancy,cjancy2b@va.gov,Baltimore,MD,21290,1361.44
5104472225182372,Berky,Fawloe,bfawloe2c@hugedomains.com,Los Angeles,CA,90020,9187.99
5048371376416853,Vallie,Iwanicki,viwanicki2d@cdc.gov,Orlando,FL,32808,6357.1
5007667552930818,Heda,Davana,hdavana2e@gnu.org,Minneapolis,MN,55487,6030.03
5186115134859785,Leela,Abrahams,labrahams2f@amazon.co.jp,Dallas,TX,75216,535.34
5100179945632065,Christal,Pedro,cpedro2g@google.com.br,New York City,NY,10079,6215.51
5100132533015102,Tuesday,Giorgielli,tgiorgielli2h@europa.eu,Amarillo,TX,79165,997.27
5048376669321702,Moishe,Antonowicz,mantonowicz2i@usda.gov,New York City,NY,10090,4608.04
5100140281510042,Twyla,Tunn,ttunn2j@hp.com,Chicago,IL,60646,1747.69
5108759148192132,Carilyn,Tedder,ctedder2k@oaic.gov.au,Kansas City,MO,64130,2465.18
5002354196092348,Engracia,Petticrow,epetticrow2l@spiegel.de,Fort Worth,TX,76129,3606.65
5316225477336813,Lotte,Killelea,lkillelea2m@cpanel.net,Reno,NV,89505,7343.6
5010123027991816,Merrie,Rocks,mrocks2n@altervista.org,Phoenix,AZ,85010,973.37
5263103657256957,Jordana,Cosker,jcosker2o@phpbb.com,New York City,NY,10029,1689.8
5108756685251982,Carry,McAsgill,cmcasgill2p@xing.com,Columbus,MS,39705,9957.48
5048376479652205,Madelena,Cavnor,mcavnor2q@cisco.com,Philadelphia,PA,19146,3605.05
5332505397893245,Stafani,Jays,sjays2r@amazonaws.com,Saint Louis,MO,63131,6520.21
5108757424404742,Nico,Kroin,nkroin2s@flavors.me,Macon,GA,31205,4709.98
5237711273376679,Dehlia,Gifkins,dgifkins2t@latimes.com,Detroit,MI,48258,7937.41
5100176338990357,Caprice,Emson,cemson2u@earthlink.net,Boulder,CO,80328,5199.83
5353164495359966,Sarine,Vina,svina2v@wsj.com,Birmingham,AL,35205,1723.92
5007668753059688,Olag,Dmitrienko,odmitrienko2w@naver.com,Scranton,PA,18505,4422.75
5151288186125800,Averil,Cisar,acisar2x@princeton.edu,Springfield,MO,65898,2383.79
5048379216356999,Saunder,McCoole,smccoole2y@wikipedia.org,Hamilton,OH,45020,2682.04
5007669383810292,Artur,McKune,amckune2z@geocities.jp,Saint Joseph,MO,64504,6796.52
5002356848309269,Chaunce,Cooksey,ccooksey30@so-net.ne.jp,Boise,ID,83716,4302.1
5100149497632011,Wolf,Roches,wroches31@1und1.de,Lynchburg,VA,24503,1268.18
5007661809840334,Gretna,Chadbourne,gchadbourne32@symantec.com,Minneapolis,MN,55407,5098.69
5100134042000005,Hans,Manley,hmanley33@shareasale.com,San Diego,CA,92127,3228.21
5007666029497435,Cthrine,Urlin,curlin34@yale.edu,Buffalo,NY,14276,8419.91
5048376356226149,Janna,MacNair,jmacnair35@ebay.co.uk,Cambridge,MA,02142,1296.29
5107660143415984,Lewiss,Ballin,lballin36@mac.com,Cincinnati,OH,45223,1663.47
5108758796617234,Cherilynn,McGee,cmcgee37@va.gov,Tacoma,WA,98424,7791.18
5100179639620335,Emmalee,Horder,ehorder38@meetup.com,Columbia,SC,29215,7587.88
5138519213379079,Dee dee,Coppenhall,dcoppenhall39@alexa.com,Portland,OR,97255,7836.54
5518257880048087,Ki,Aughton,kaughton3a@pcworld.com,Springfield,MA,01114,1996.38
5010123982049691,Hailee,Bills,hbills3b@opensource.org,Appleton,WI,54915,2418.98
5048370859417016,Kittie,Andreuzzi,kandreuzzi3c@is.gd,San Rafael,CA,94913,5833.75
5048374295794400,Madelena,Casbon,mcasbon3d@jugem.jp,Charlotte,NC,28284,802.8
5579704346932459,Yvon,Twine,ytwine3e@theguardian.com,Albany,NY,12237,1216.56
5108750516917291,Rois,Trow,rtrow3f@geocities.jp,Miami,FL,33153,4989.07
5413632823866793,Celestyna,Lafferty,clafferty3g@ibm.com,Danbury,CT,06816,7596.71
5502631168624579,Sandra,Weatherhogg,sweatherhogg3h@ebay.com,Kansas City,MO,64144,7198.21
5336045751266015,Mildred,Kibel,mkibel3i@wix.com,San Mateo,CA,94405,1787.41
5494205300274351,Scarlet,Balasini,sbalasini3j@blogger.com,Alexandria,VA,22313,2554.98
5531414834650434,Bent,Futty,bfutty3k@amazon.co.uk,Chattanooga,TN,37450,3072.26
5432500946979867,Nikki,Croix,ncroix3l@msn.com,Washington,DC,20566,8246.36
5108759472790105,Gwenette,Polkinghorne,gpolkinghorne3m@jigsy.com,Memphis,TN,38114,6993.3
5100138052532799,Randal,Decourt,rdecourt3n@nydailynews.com,Hagerstown,MD,21747,5790.45
5486240326064320,Minny,Billows,mbillows3o@wufoo.com,Baltimore,MD,21229,3346.56
5100179325428001,Rick,Alesi,ralesi3p@earthlink.net,Washington,DC,20319,3623.07
5108754234814855,Moira,Quittonden,mquittonden3q@miibeian.gov.cn,Mobile,AL,36610,9206.06
5213967689093344,Morey,Sneyd,msneyd3r@bigcartel.com,Minneapolis,MN,55423,5315.56
5236524242336901,Merci,Vella,mvella3s@google.ru,Topeka,KS,66629,5564.75
5382554832503588,Judi,Kondratenya,jkondratenya3t@furl.net,Las Vegas,NV,89125,7697.46
5010121379094213,Danita,Shevlane,dshevlane3u@rakuten.co.jp,Boston,MA,02104,747.24
5527965919719556,Mable,Jeanon,mjeanon3v@hexun.com,Huntington,WV,25705,877.65
5444636379687365,Blanche,Krolik,bkrolik3w@bing.com,North Hollywood,CA,91616,3655.99
5432123585355610,Chanda,Jeffes,cjeffes3x@amazonaws.com,Herndon,VA,22070,9254.33
5048371542442908,Ethelbert,Casaroli,ecasaroli3y@examiner.com,San Francisco,CA,94137,7403.8
5007662936017671,Bret,Dooman,bdooman3z@webmd.com,Las Vegas,NV,89125,2300.57
5194459845705931,Patrizio,Labbe,plabbe40@creativecommons.org,Springfield,IL,62718,5446.2
5527295699347588,Mireille,Levison,mlevison41@kickstarter.com,Philadelphia,PA,19191,840.53
5497604671277265,Lorry,Youell,lyouell42@ibm.com,Charleston,WV,25362,6308.74
5108758374320821,Hilliard,Tirte,htirte43@networkadvertising.org,Memphis,TN,38168,5986.06
5315667931848092,Josie,Ventham,jventham44@ucoz.ru,Oakland,CA,94616,345.01
5100137652592112,Emiline,Klamp,eklamp45@microsoft.com,Charlotte,NC,28272,6761.13
5175872869486449,Kelcey,Rollitt,krollitt46@ft.com,Inglewood,CA,90398,5861.6
5491227025104542,Hestia,Forgan,hforgan47@etsy.com,Sunnyvale,CA,94089,4042.82
5510318368713705,Tandy,Carhart,tcarhart48@google.com.hk,Gastonia,NC,28055,6730.68
5231221872691250,Nilson,Bellringer,nbellringer49@spiegel.de,Erie,PA,16565,2558.11
5371307532796785,Tracie,Finby,tfinby4a@hugedomains.com,Colorado Springs,CO,80935,2847.28
5427574619579822,Sandra,Almak,salmak4b@japanpost.jp,Valdosta,GA,31605,3723.48
5108754050272204,Druci,Sedge,dsedge4c@craigslist.org,Toledo,OH,43605,1626.51
5100178240426686,Denver,Okie,dokie4d@google.nl,Baltimore,MD,21229,6855.88
5519775487379315,Gertrud,Ponte,gponte4e@github.com,West Palm Beach,FL,33416,6090.34
5188900999072337,Dame,Hullin,dhullin4f@tuttocitta.it,Las Vegas,NV,89115,5622.76
5108834955219185,Carmon,Farlowe,cfarlowe4g@sun.com,Lawrenceville,GA,30045,2728.28
5010126131713984,Aubrey,Bartlett,abartlett4h@opensource.org,Topeka,KS,66629,3353.62
5048374382760330,Charo,Firebrace,cfirebrace4i@tinypic.com,New York City,NY,10029,6564.02
5002354355446913,Bennie,Burges,bburges4j@ustream.tv,Indianapolis,IN,46239,5827.3
5358740893084978,Stormy,Fitzharris,sfitzharris4k@si.edu,Trenton,NJ,08695,1562.03
5100141878238872,Woody,Firbank,wfirbank4l@discovery.com,Whittier,CA,90610,2719.79
5002350708192766,Barnett,Mardall,bmardall4m@mac.com,Fort Wayne,IN,46867,4093.61
5100174684794879,Sharyl,Toseland,stoseland4n@trellian.com,Bronx,NY,10464,8823.81
5154893102828044,Brandyn,Orvis,borvis4o@surveymonkey.com,Des Moines,IA,50936,4427.98
5100173343757939,Boniface,Nemchinov,bnemchinov4p@histats.com,Portland,OR,97271,6087.47
5385458654655814,Reina,Habden,rhabden4q@about.me,Albany,NY,12262,5758.07
5002352722247618,Raimondo,Birkwood,rbirkwood4r@marketwatch.com,Indianapolis,IN,46216,9132.1
5382430269191421,Haze,Yude,hyude4s@disqus.com,Cincinnati,OH,45223,412.19
5048376190703303,Gilly,Channon,gchannon4t@parallels.com,Clearwater,FL,33763,3121.11
5002350176382758,Hobard,Tourmell,htourmell4u@ucla.edu,Miami,FL,33111,4195.21
5205437786986212,Kally,Yarn,kyarn4v@php.net,Lexington,KY,40596,8944.94
5002356258923492,Yorgo,Budgett,ybudgett4w@wsj.com,New York City,NY,10150,7372.94
5427929668861101,Sauncho,Kestle,skestle4x@topsy.com,Norwalk,CT,06854,6925.53
5156740173266885,Avram,Humphrey,ahumphrey4y@npr.org,Stamford,CT,06912,1976.96
5108752241743539,Franny,Colliard,fcolliard4z@nps.gov,Aurora,CO,80045,1441.75
5002357456872754,Sisile,Purveys,spurveys50@dagondesign.com,Wichita,KS,67210,875.41
5402711876898144,Zack,Steffan,zsteffan51@uiuc.edu,Honolulu,HI,96820,3892.15
5490383327905473,Jacquelynn,Moores,jmoores52@google.com.hk,Kansas City,KS,66105,228.46
5100132909489774,Jonathan,Nathon,jnathon53@acquirethisname.com,Macon,GA,31205,7239.98
5010123648349220,Sargent,Vercruysse,svercruysse54@taobao.com,Birmingham,AL,35225,1160.01
5010129440896102,Clarette,Gadman,cgadman55@census.gov,Los Angeles,CA,90071,5989.92
5108759105810429,Irwinn,Ribchester,iribchester56@marriott.com,Louisville,KY,40233,340.54
5048378859798921,Fanni,Wellbeloved,fwellbeloved57@ehow.com,Ogden,UT,84403,914.52
5233531079264422,Stanleigh,Lytle,slytle58@china.com.cn,Bellevue,WA,98008,8524.33
5100174893262783,Vina,Cleynaert,vcleynaert59@goo.gl,Knoxville,TN,37919,7338.0
5002357316099499,Worthy,Bartos,wbartos5a@opensource.org,Denver,CO,80204,5609.24
5100179686103532,Lucita,Kennagh,lkennagh5b@google.com,Saint Louis,MO,63136,4031.47
5002357553215642,Dennet,Ordidge,dordidge5c@jugem.jp,Chicago,IL,60657,6305.0
5002357066626905,Jobyna,Milkins,jmilkins5d@privacy.gov.au,Fort Lauderdale,FL,33320,1409.47
5100144559056159,Marget,Giovannilli,mgiovannilli5e@pcworld.com,Escondido,CA,92030,5367.33
5007669828685499,Glenna,Menlove,gmenlove5f@virginia.edu,Atlanta,GA,30351,2504.31
5048370989061791,Gale,Jouhandeau,gjouhandeau5g@ucla.edu,Norfolk,VA,23551,4302.22
5100139474992256,Maudie,Tosney,mtosney5h@tinypic.com,Alexandria,LA,71307,8821.13
5048379871516309,Joane,Walcar,jwalcar5i@chronoengine.com,Boston,MA,02283,6552.86
5010124395031516,Rikki,Reuter,rreuter5j@slate.com,Washington,DC,20215,1444.35
5100142036666814,Riva,Crumley,rcrumley5k@jiathis.com,Atlanta,GA,30351,824.13
5100130013828606,Pietro,Spriddle,pspriddle5l@spiegel.de,Amarillo,TX,79165,9790.99
5426217665901000,Nikkie,Fleckness,nfleckness5m@parallels.com,Clearwater,FL,33763,5257.17
5108759765490850,Palmer,Horsted,phorsted5n@youku.com,Houston,TX,77060,3770.92
5100130120101541,Delaney,Najera,dnajera5o@mayoclinic.com,Alexandria,LA,71307,3772.82
5100140003311505,Ivett,Ewols,iewols5p@google.co.uk,Norwalk,CT,06854,1800.63
5010124057504875,Olly,Theobold,otheobold5q@scientificamerican.com,Alexandria,VA,22333,8163.99
5100140576908703,Jefferson,Erswell,jerswell5r@dedecms.com,Houston,TX,77293,9007.99
5100173169986927,Georgi,Packe,gpacke5s@mediafire.com,Baltimore,MD,21211,8215.78
5007669757607878,Ramon,Berkery,rberkery5t@illinois.edu,Young America,MN,55573,1563.21
5108754909948897,Ted,McGeouch,tmcgeouch5u@nbcnews.com,Tacoma,WA,98411,1698.77
5108758155048583,Garik,Trubshawe,gtrubshawe5v@cdbaby.com,Jamaica,NY,11480,3834.1
5474742415931388,Konstantin,Gladstone,kgladstone5w@stanford.edu,Saint Louis,MO,63104,2068.19
5010128656825664,Constantina,Bolderoe,cbolderoe5x@ow.ly,Fairbanks,AK,99709,5013.29
5386532384576026,Claribel,Rubenfeld,crubenfeld5y@bloglines.com,Tucson,AZ,85715,1132.61
5010122511203191,Teddie,Rymour,trymour5z@foxnews.com,Berkeley,CA,94712,1615.83
5143932211476768,Gypsy,Murrhaupt,gmurrhaupt60@alibaba.com,Boca Raton,FL,33432,8215.35
5194484256298358,Amandy,Hansley,ahansley61@sourceforge.net,Buffalo,NY,14269,2283.38
5108964452110932,Desiree,Meeny,dmeeny62@surveymonkey.com,Mesquite,TX,75185,2318.21
5417272426229663,Cassandry,Guyonneau,cguyonneau63@hatena.ne.jp,Staten Island,NY,10310,9409.13
5007667772472369,Tan,Faraday,tfaraday64@plala.or.jp,Hayward,CA,94544,2289.08
5100141819580283,Rosita,Ridges,rridges65@cyberchimps.com,Las Vegas,NV,89145,4638.88
5002351766202224,Eugenio,Rhodef,erhodef66@exblog.jp,Des Moines,IA,50320,5871.29
5100133134448973,Jessika,Quenby,jquenby67@ft.com,Evansville,IN,47732,8961.54
5002356929748559,Hector,Boxhill,hboxhill68@blinklist.com,Springfield,MA,01152,4659.97
5134383389116722,Felike,Giraudo,fgiraudo69@dailymail.co.uk,Portland,OR,97221,5228.32
5108754426142461,Rodrick,Shropsheir,rshropsheir6a@weebly.com,Punta Gorda,FL,33982,1504.39
5423276652599873,Cesar,Cockerill,ccockerill6b@comsenz.com,Phoenix,AZ,85099,703.54
5495099698750398,Sissie,Sparke,ssparke6c@stumbleupon.com,Charleston,WV,25331,3888.41
5100136097599260,Perla,Citrine,pcitrine6d@vkontakte.ru,Peoria,IL,61614,485.29
5542854516965591,Austine,O' Timony,aotimony6e@bbb.org,Colorado Springs,CO,80925,9406.3
5048371904426465,Rollins,Kelsow,rkelsow6f@discuz.net,Charlotte,NC,28230,6559.12
5048377570025796,Ephrem,Van der Brugge,evanderbrugge6g@spiegel.de,New York City,NY,10079,1122.2
5100176722079544,Brier,McDonagh,bmcdonagh6h@theguardian.com,Washington,DC,20409,8373.89
5100138114277078,Horten,Chisolm,hchisolm6i@dailymail.co.uk,Las Vegas,NV,89105,783.66
5100171208116407,Jerri,Whitham,jwhitham6j@discovery.com,Fresno,CA,93740,431.06
5223375199348661,Lelia,Rudinger,lrudinger6k@cafepress.com,Watertown,MA,02472,985.26
5010126137003711,Ginelle,Synnott,gsynnott6l@infoseek.co.jp,Oklahoma City,OK,73157,6003.76
5245839568438019,Osgood,Trehearn,otrehearn6m@jigsy.com,Los Angeles,CA,90010,976.87
5582229426659892,Anatole,Rosier,arosier6n@prnewswire.com,Naples,FL,33961,5625.78
5100143690167446,Stephana,Strongitharm,sstrongitharm6o@t.co,Port Charlotte,FL,33954,5888.61
5520956488962633,Kassie,Chesshire,kchesshire6p@mashable.com,Rockford,IL,61105,9854.69
5428225499777486,Renate,Rummin,rrummin6q@utexas.edu,Oakland,CA,94616,9922.01
5002356749712512,Beauregard,Dade,bdade6r@usa.gov,Chicago,IL,60636,3916.63
5100176341621833,Hortensia,Gillingham,hgillingham6s@geocities.com,Topeka,KS,66622,6613.73
5010120654099103,Pip,Corradi,pcorradi6t@redcross.org,Las Vegas,NV,89125,4086.95
5100175789493259,Tann,Stobart,tstobart6u@pagesperso-orange.fr,Duluth,MN,55811,4154.38
5048370956275226,Charlot,Basley,cbasley6v@paginegialle.it,Colorado Springs,CO,80940,6226.67
5406641500445820,Rosemary,Whimp,rwhimp6w@ebay.com,Springfield,MO,65810,1449.67
5178959719668420,Ryley,Brandenberg,rbrandenberg6x@twitter.com,Riverside,CA,92505,8150.95
5002357662313916,Husain,Passman,hpassman6y@blogs.com,Paterson,NJ,07522,9247.56
5100179676615248,Sissy,Rossiter,srossiter6z@businessinsider.com,Philadelphia,PA,19141,5.85
5125247749295289,Deanne,O'dell,dodell70@seesaa.net,Minneapolis,MN,55407,7718.34
5100140955129665,Luisa,Biddles,lbiddles71@boston.com,Scottsdale,AZ,85255,1261.83
5100148263678182,Siobhan,Claffey,sclaffey72@hexun.com,Augusta,GA,30905,6162.36
5404614012572201,Patten,Eagleston,peagleston73@biblegateway.com,Tyler,TX,75799,5184.75
5100149449401283,Rozalin,Hymus,rhymus74@dropbox.com,Wichita,KS,67260,6860.26
5108758995781443,Calvin,Kislingbury,ckislingbury75@sogou.com,Boise,ID,83727,6237.24
5002357507225150,Ferdie,Gorce,fgorce76@cyberchimps.com,Sandy,UT,84093,42.91
5165727829756962,Prudence,Ditzel,pditzel77@slate.com,El Paso,TX,79999,5404.42
5007667730329024,Jerrome,Hein,jhein78@google.nl,Charleston,WV,25336,4644.83
5100171858827808,Stephine,Robathon,srobathon79@jiathis.com,Madison,WI,53785,4692.49
5002351628606984,Orel,Labba,olabba7a@toplist.cz,Charlotte,NC,28278,6575.93
5048379867335227,Noah,Blackley,nblackley7b@springer.com,Montgomery,AL,36109,8255.64
5002357570580366,Jerrilyn,Barhems,jbarhems7c@trellian.com,El Paso,TX,79940,183.72
5100170041012666,Addia,Govey,agovey7d@stumbleupon.com,Washington,DC,20380,4201.86
5100170482753703,Lyn,Broomhall,lbroomhall7e@ow.ly,Amarillo,TX,79171,4248.09
5130524602127558,Ber,Fetherston,bfetherston7f@shinystat.com,Littleton,CO,80127,9074.87
5048375015258014,Larissa,Polfer,lpolfer7g@usatoday.com,Sacramento,CA,95894,3992.44
5048373872161512,Juli,Capstack,jcapstack7h@baidu.com,Nashville,TN,37210,2672.17
5002356532043703,Joete,Dowsett,jdowsett7i@google.co.jp,New Orleans,LA,70154,9191.38
5415765433735491,Dolley,Bullar,dbullar7j@economist.com,Knoxville,TN,37939,3026.94
5367186470835284,Lola,Syplus,lsyplus7k@guardian.co.uk,Houston,TX,77080,6321.1
5323265784869420,Prue,Baswall,pbaswall7l@com.com,Syracuse,NY,13217,2387.19
5100143644273365,Riobard,Kittles,rkittles7m@xrea.com,Detroit,MI,48211,4339.38
5227961493909211,Karoly,Wiffler,kwiffler7n@merriam-webster.com,Amarillo,TX,79105,6615.53
5457620320604137,Yuma,Cosgrove,ycosgrove7o@wunderground.com,Pueblo,CO,81015,7753.35
5002350946264336,Linette,McGuckin,lmcguckin7p@vkontakte.ru,San Antonio,TX,78225,5277.72
5100140183320763,Callean,Wainscot,cwainscot7q@joomla.org,Mobile,AL,36610,7392.05
5100177105729366,Farrand,St. Hill,fsthill7r@sciencedaily.com,Sacramento,CA,95865,3718.75
5010126486440050,Jennette,Albertson,jalbertson7s@ucla.edu,Henderson,NV,89074,9567.6
5286082229174851,Reeba,Spellsworth,rspellsworth7t@wikimedia.org,Saint Louis,MO,63150,284.33
5226494672270016,Rip,Snalom,rsnalom7u@eepurl.com,Springfield,MO,65898,876.22
5107531032260734,Cirillo,Warratt,cwarratt7v@webs.com,Springfield,IL,62764,4349.07
5100136580461374,Andrus,Jimes,ajimes7w@cnbc.com,Des Moines,IA,50320,5647.83
5134434095217922,Mead,Cattermoul,mcattermoul7x@google.co.jp,Roanoke,VA,24009,777.0
5048375888046256,Guillema,Sines,gsines7y@furl.net,Cleveland,OH,44111,4732.42
5007665164743330,Jolie,Avrashin,javrashin7z@gizmodo.com,North Little Rock,AR,72199,6408.99
5541941785562687,Meryl,Routh,mrouth80@creativecommons.org,San Antonio,TX,78240,1182.84
5010126341134898,Terrill,Rime,trime81@house.gov,Philadelphia,PA,19125,8276.6
5100132010718616,Lutero,Tosdevin,ltosdevin82@goo.ne.jp,Boise,ID,83716,157.16
5100176301292443,Marjy,Baulcombe,mbaulcombe83@wufoo.com,Saint Louis,MO,63180,5582.15
5385920252395614,Olly,Fadell,ofadell84@intel.com,Pensacola,FL,32595,4692.78
5100133318401764,Brynna,Antonovic,bantonovic85@surveymonkey.com,Metairie,LA,70033,8285.76
5360395633074544,Decca,Laskey,dlaskey86@pcworld.com,Dallas,TX,75216,6829.24
5100172679555305,Dru,Bettleson,dbettleson87@so-net.ne.jp,Savannah,GA,31405,8318.64
5159327815723361,Gene,Vallantine,gvallantine88@craigslist.org,Palatine,IL,60078,2847.04
5378448605900764,Bibby,Lubbock,blubbock89@blogspot.com,Topeka,KS,66606,5661.92
5421134617833105,Allie,Jellard,ajellard8a@plala.or.jp,Huntington,WV,25770,807.2
5548423991878515,Adams,Chowne,achowne8b@godaddy.com,Columbia,MO,65218,9574.92
5108751395174319,Beatrisa,Lambertz,blambertz8c@bandcamp.com,Portland,OR,97206,4525.43
5010129882697232,Crawford,Longstaffe,clongstaffe8d@businesswire.com,Gainesville,GA,30506,1273.32
5374293744350693,Rhetta,Keigher,rkeigher8e@posterous.com,Saint Cloud,MN,56398,3815.25
5100176644378271,Robbie,Buncher,rbuncher8f@studiopress.com,Philadelphia,PA,19160,5098.6
5010125843305592,Nicky,Milliere,nmilliere8g@samsung.com,Richmond,VA,23220,4897.72
5100177915034361,Angelica,Foyle,afoyle8h@desdev.cn,Sacramento,CA,95838,881.86
5108941549829120,Coralyn,Goulthorp,cgoulthorp8i@fastcompany.com,Richmond,VA,23293,3765.6
5048372287508770,Anny,Burdge,aburdge8j@noaa.gov,New Orleans,LA,70174,2879.29
5185121960151207,Merwin,Gregs,mgregs8k@bbb.org,Odessa,TX,79764,1782.66
5253251763397223,Sigfried,Keuntje,skeuntje8l@statcounter.com,Philadelphia,PA,19151,7950.72
5108753653918908,Timmie,Bamell,tbamell8m@telegraph.co.uk,Corpus Christi,TX,78415,3828.19
5100174153607230,Russ,Norcross,rnorcross8n@163.com,Reston,VA,20195,7175.91
5100143180368223,Bert,Larvor,blarvor8o@github.com,Washington,DC,20046,3576.63
5315358189003628,Dinnie,Filer,dfiler8p@ox.ac.uk,Roanoke,VA,24034,466.57
5048377929486855,Dniren,Aynold,daynold8q@paypal.com,Dayton,OH,45454,1411.15
5227742430403447,Emili,Willman,ewillman8r@independent.co.uk,Saginaw,MI,48609,5295.04
5477106912983143,Irena,Gebhard,igebhard8s@wikipedia.org,Houston,TX,77075,7653.33
5438929196065149,Arne,Eskrigge,aeskrigge8t@fda.gov,Springfield,IL,62723,304.46
5048371300849799,Juliette,Brotherwood,jbrotherwood8u@cdc.gov,Jamaica,NY,11407,2945.29
5100137080056599,Alyss,Sherr,asherr8v@amazon.de,Nashville,TN,37240,1089.37
5392670730773087,Kelila,Roebuck,kroebuck8w@hud.gov,San Francisco,CA,94164,812.11
5100130784149349,Beaufort,De Roeck,bderoeck8x@digg.com,Wilmington,NC,28410,7039.05
5374695407697766,Vassili,De Cruce,vdecruce8y@epa.gov,Cheyenne,WY,82007,5872.13
5486750311771184,Vi,Gheraldi,vgheraldi8z@cbsnews.com,Schenectady,NY,12305,8953.27
5349577209313499,Carmita,Juszczak,cjuszczak90@mapy.cz,Sacramento,CA,94237,8507.17
5007665518643350,Amery,Duran,aduran91@pbs.org,Columbus,OH,43204,8055.33
5002350879642409,Mitchell,Rycraft,mrycraft92@ftc.gov,Wilmington,DE,19886,5494.17
5371214829980504,Keir,Leggen,kleggen93@jiathis.com,Spokane,WA,99252,1347.47
5275088727114888,Martelle,Artois,martois94@google.com.hk,Toledo,OH,43666,5932.95
5002352443354966,Adolphe,Elix,aelix95@ebay.com,Trenton,NJ,08608,1413.2
5264721826769284,Saunders,Dacey,sdacey96@goodreads.com,Chicago,IL,60681,6377.04
5108754344313780,Claudetta,Rummins,crummins97@yahoo.co.jp,Lubbock,TX,79491,3098.42
5292118075909701,Phillis,Candelin,pcandelin98@hostgator.com,Washington,DC,20088,3258.61
5100145658022190,Benni,Mongan,bmongan99@sciencedaily.com,Spartanburg,SC,29305,5554.88
5142586396549079,Gothart,Densumbe,gdensumbe9a@123-reg.co.uk,Pittsburgh,PA,15261,4493.24
5002352043973413,Mel,Mandifield,mmandifield9b@pbs.org,Mobile,AL,36689,4540.5
5007662480136299,Bar,Tweddell,btweddell9c@earthlink.net,Ann Arbor,MI,48107,6813.79
5225735341261427,Flory,Goosnell,fgoosnell9d@vk.com,New York City,NY,10249,9456.13
5002352659183638,Stavro,Revance,srevance9e@printfriendly.com,Topeka,KS,66699,4158.63
5108753798480434,Davey,Mafham,dmafham9f@dailymail.co.uk,Boca Raton,FL,33432,4971.93
5457245886917721,Karmen,Madden,kmadden9g@booking.com,Phoenix,AZ,85083,8052.91
5251701469414674,Jo,Yter,jyter9h@altervista.org,Saint Louis,MO,63143,4158.63
5305585414653262,Rob,Belliard,rbelliard9i@sciencedirect.com,Charleston,WV,25389,6068.25
5010123055343385,Matthiew,McGillicuddy,mmcgillicuddy9j@tripod.com,Saginaw,MI,48609,8234.62
5100136200605517,Innis,Langfat,ilangfat9k@bloglines.com,Atlanta,GA,30340,2370.78
5202756903359380,Ryun,Kieff,rkieff9l@mysql.com,Fairbanks,AK,99790,7469.86
5577921240963602,Ebba,Syddon,esyddon9m@tmall.com,Chattanooga,TN,37405,2593.71
5131858556697516,Cecil,Chad,cchad9n@cornell.edu,Boise,ID,83732,2262.99
5100141376490983,Brunhilda,Senogles,bsenogles9o@163.com,Phoenix,AZ,85067,731.05
5108753512986625,Arlena,Galvin,agalvin9p@csmonitor.com,Harrisburg,PA,17126,8839.57
5130721890170643,Terri-jo,Goddert.sf,tgoddertsf9q@zdnet.com,Los Angeles,CA,90020,9332.41
5471784624726442,Nappie,Hardesty,nhardesty9r@ebay.co.uk,Mesa,AZ,85215,2770.23
5048378392132711,Ronnica,Baddam,rbaddam9s@microsoft.com,Jamaica,NY,11407,8484.7
5161291991110023,Nissy,McGawn,nmcgawn9t@oaic.gov.au,Fresno,CA,93778,8741.85
5349021203437186,Cacilie,Raymont,craymont9u@netscape.com,Lexington,KY,40515,1070.64
5100142177912910,Kaila,Ponte,kponte9v@cnet.com,Amarillo,TX,79188,6701.98
5282215447582737,Symon,Sotham,ssotham9w@so-net.ne.jp,Trenton,NJ,08608,2826.36
5100141508849577,Gonzales,Wilmott,gwilmott9x@e-recht24.de,Austin,TX,78764,8985.32
5100137087817415,Blair,Treadwell,btreadwell9y@upenn.edu,Portland,OR,97240,2532.34
5583568919447359,Fallon,Simkovitz,fsimkovitz9z@eventbrite.com,Washington,DC,20591,2310.65
5531703039484213,Etienne,Earengey,eearengeya0@bloglovin.com,San Jose,CA,95113,7234.0
5202189779587167,Sheela,Behagg,sbehagga1@constantcontact.com,Stockton,CA,95219,8646.59
5190656030503237,Stephana,Riedel,sriedela2@columbia.edu,Beaumont,TX,77705,7152.26
5335100843796437,Dominique,Libri,dlibria3@nasa.gov,West Palm Beach,FL,33411,4239.57
5444167714893062,Kris,Diano,kdianoa4@woothemes.com,Duluth,MN,55805,7047.6
5100132354219221,Konstantin,Lyburn,klyburna5@desdev.cn,Austin,TX,78778,182.27
5371329064947321,Federico,Chieco,fchiecoa6@apache.org,Macon,GA,31205,9152.54
5360901374395699,Chet,Caldron,ccaldrona7@sphinn.com,Columbus,OH,43284,4025.9
5048374249499163,Meryl,Spellard,mspellarda8@census.gov,Brooklyn,NY,11236,3412.48
5010122037157756,Ilario,Haestier,ihaestiera9@china.com.cn,El Paso,TX,79984,2702.0
5100133941620434,Arnold,Rapper,arapperaa@utexas.edu,Las Vegas,NV,89140,2899.66
5274141159556364,Derron,Leahair,dleahairab@infoseek.co.jp,Columbia,MO,65218,2464.35
5100145297264948,Jameson,Vanes,jvanesac@rakuten.co.jp,Columbus,OH,43226,2694.56
5100144717846301,Emilie,MacCole,emaccolead@hud.gov,Cincinnati,OH,45228,3989.04
5007660079769686,Miller,Sterman,mstermanae@psu.edu,Syracuse,NY,13224,8575.03
5007663970593569,Adrian,Tapscott,atapscottaf@patch.com,Lincoln,NE,68531,4046.41
5100177488749346,Bertram,Bourtoumieux,bbourtoumieuxag@flavors.me,Waterbury,CT,06726,5376.83
5178809757639645,Rivalee,Ballinger,rballingerah@java.com,Washington,DC,20546,1258.46
5100147674627481,Jared,Tubridy,jtubridyai@mashable.com,Brooklyn,NY,11225,7590.95
5583239224975811,Conny,Brannon,cbrannonaj@behance.net,Dallas,TX,75241,2366.11
5165701158433428,Reeva,Seeley,rseeleyak@discovery.com,West Hartford,CT,06127,4544.44
5100175078917307,Gizela,Robillart,grobillartal@prweb.com,Little Rock,AR,72222,126.2
5495023197643706,Odell,Lloyd,olloydam@springer.com,Saint Augustine,FL,32092,631.3
5100134879644255,Fremont,Pogue,fpoguean@chicagotribune.com,Lake Charles,LA,70616,5420.27
5100170396271917,Jude,MacGinley,jmacginleyao@gizmodo.com,Gulfport,MS,39505,3465.36
5108757804217482,Malory,Beynke,mbeynkeap@psu.edu,Monroe,LA,71213,846.63
5010121410753207,Meriel,Ferruzzi,mferruzziaq@vk.com,Rockford,IL,61105,158.61
5010126677428161,Kristine,De Fries,kdefriesar@fotki.com,Washington,DC,20210,4499.93
5108752770098677,Becca,Bjorkan,bbjorkanas@prnewswire.com,Nashville,TN,37235,9040.95
5048373870296617,Geralda,Syrett,gsyrettat@rambler.ru,Denver,CO,80249,2112.96
5100148600686260,Adolf,Abbie,aabbieau@hao123.com,Stockton,CA,95298,9680.02
5002354945121539,Reid,Forde,rfordeav@eepurl.com,Winston Salem,NC,27150,6781.16
5407236750750273,Michelle,Yate,myateaw@prnewswire.com,Cincinnati,OH,45203,1108.65
5133986718016453,Beatriz,Screen,bscreenax@bing.com,Des Moines,IA,50335,9362.59
5100145345234265,Grange,Nibley,gnibleyay@globo.com,Philadelphia,PA,19151,154.38
5186442070533145,Darice,Moorcraft,dmoorcraftaz@simplemachines.org,Baltimore,MD,21282,4101.09
5100147433204473,Bastien,Marklin,bmarklinb0@bigcartel.com,Honolulu,HI,96820,6755.52
5131352695058178,Edgardo,Di Biaggi,edibiaggib1@hubpages.com,San Francisco,CA,94147,727.59
5466487012923251,Hy,Gallamore,hgallamoreb2@slashdot.org,Birmingham,AL,35225,691.27
5167551289687717,Ashien,Sheers,asheersb3@rediff.com,Springfield,IL,62756,8148.88
5432989596899717,Jerrine,Tolle,jtolleb4@pagesperso-orange.fr,Houston,TX,77266,5179.27
5394440379759955,Ado,Hurdedge,ahurdedgeb5@technorati.com,Houston,TX,77060,9964.37
5273146733531446,Cosme,Roote,crooteb6@surveymonkey.com,Kingsport,TN,37665,3976.82
5460057112843133,Quinton,Bourgourd,qbourgourdb7@sina.com.cn,Gainesville,FL,32627,2389.45
5048377207541447,Annette,Trawin,atrawinb8@fc2.com,Berkeley,CA,94705,1215.23
5340874084315320,Zsazsa,Nannoni,znannonib9@people.com.cn,Greenville,SC,29605,3096.59
5048374555177221,Arv,Berntsson,aberntssonba@pen.io,Phoenix,AZ,85010,1120.96
5108750696048164,Rodie,Bendig,rbendigbb@nps.gov,Memphis,TN,38104,1379.68
5048377949558006,Shelley,Cutchey,scutcheybc@networksolutions.com,Portsmouth,NH,03804,6611.11
5100173951233215,Roxy,Fardy,rfardybd@eventbrite.com,Delray Beach,FL,33448,7682.02
5108751149809194,Adamo,Corradi,acorradibe@time.com,Macon,GA,31217,4212.08
5211593836226314,Coriss,Davidovitz,cdavidovitzbf@army.mil,Roanoke,VA,24020,5419.01
5487899060490063,Peria,Benger,pbengerbg@last.fm,Charlotte,NC,28220,4291.23
5365830684528050,Beck,Rouse,brousebh@arizona.edu,Melbourne,FL,32919,1490.69
5100139626162469,Deedee,Ducker,dduckerbi@ning.com,Seattle,WA,98115,7516.25
5100135366169342,Maryanne,Varty,mvartybj@cbsnews.com,Washington,DC,20057,1451.88
5002352703692873,Leonid,Castagneri,lcastagneribk@phoca.cz,Detroit,MI,48295,291.65
5108753300981390,Katuscha,Palser,kpalserbl@lycos.com,Madison,WI,53779,2710.07
5010120807185866,Nolana,Ponceford,nponcefordbm@state.gov,Fairfax,VA,22036,2662.03
5578092472846961,Jocko,Beebis,jbeebisbn@state.tx.us,Portland,OR,97255,2709.88
5348871909185963,Lena,Boord,lboordbo@deviantart.com,Dayton,OH,45470,548.56
5108753262690617,Dedra,Jovicic,djovicicbp@admin.ch,Salt Lake City,UT,84199,3233.91
5100134105225614,Clemens,Jime,cjimebq@php.net,Texarkana,TX,75507,9270.91
5100148491376237,Etienne,Croall,ecroallbr@abc.net.au,Cape Coral,FL,33915,5424.27
5002350615463060,Shir,Gres,sgresbs@cisco.com,Miami,FL,33147,865.11
5487874564048568,Aurea,Tillot,atillotbt@altervista.org,Decatur,GA,30089,5975.57
5002356749706761,Christoffer,Folomkin,cfolomkinbu@boston.com,Washington,DC,20525,7035.82
5100174604863473,Stephine,Rives,srivesbv@a8.net,Jacksonville,FL,32277,3123.62
5010127391087507,Rodi,Beeckx,rbeeckxbw@home.pl,Wilmington,NC,28410,5497.06
5277728786038126,Wilhelmina,Longmire,wlongmirebx@opera.com,Scottsdale,AZ,85271,9426.6
5108753736173224,Cliff,Shekle,cshekleby@berkeley.edu,Charleston,WV,25389,4788.86
5002351042244362,Breanne,Persitt,bpersittbz@pcworld.com,Missoula,MT,59806,1538.28
5181193774773975,Stephanie,Simnor,ssimnorc0@wikipedia.org,Duluth,MN,55811,8864.06
5010126623120581,Lura,Trickey,ltrickeyc1@netvibes.com,Silver Spring,MD,20904,5258.19
5100135680852797,Gerhard,Hartness,ghartnessc2@quantcast.com,Bethesda,MD,20892,4066.54
5002354275344412,Daisy,Vallentin,dvallentinc3@reference.com,Richmond,VA,23237,9894.32
5145009467585622,Sharla,Cray,scrayc4@thetimes.co.uk,Pocatello,ID,83206,84.72
5048376063273038,Elvera,Godly,egodlyc5@devhub.com,San Jose,CA,95108,7021.42
5108754305347256,Merrily,Dobbinson,mdobbinsonc6@theglobeandmail.com,Tampa,FL,33686,6303.9
5158493148888759,Donnajean,Teare,dtearec7@va.gov,Saint Paul,MN,55127,7672.12
5395930925946956,Kameko,Han,khanc8@squarespace.com,Charleston,WV,25336,6964.44
5477212569239712,Dene,Portugal,dportugalc9@berkeley.edu,Columbia,MO,65211,1793.01
5207387766510748,Saunder,Gobeau,sgobeauca@arstechnica.com,Knoxville,TN,37919,5558.51
5108757130061737,Georgine,Reisin,greisincb@house.gov,Silver Spring,MD,20918,3423.57
5002352740683752,Maxie,Glanville,mglanvillecc@netscape.com,Portland,OR,97296,5056.54
5329365726617764,Shaylah,MacIlurick,smacilurickcd@tinypic.com,Boston,MA,02104,1674.07
5100144573492208,Euphemia,Addyman,eaddymance@cargocollective.com,Bakersfield,CA,93381,1692.31
5100142739432431,Freeland,Archley,farchleycf@github.com,Fort Worth,TX,76110,4384.77
5554330868928615,Kizzie,Christaeas,kchristaeascg@imgur.com,Indianapolis,IN,46239,1253.12
5010123890363606,Sigfrid,Bayly,sbaylych@cocolog-nifty.com,Charlotte,NC,28299,5190.81
5100130940718490,Kyrstin,Brason,kbrasonci@examiner.com,El Paso,TX,88525,5266.99
5048377961761314,Roseanna,McClean,rmccleancj@vkontakte.ru,Fort Lauderdale,FL,33355,9664.83
5100141999457922,Melody,Balden,mbaldenck@mapy.cz,Phoenix,AZ,85025,3981.26
5108758639293334,Welbie,McVanamy,wmcvanamycl@liveinternet.ru,Killeen,TX,76544,4971.57
5212389111232260,Madge,Holgan,mholgancm@xrea.com,Chicago,IL,60624,8981.96
5491233621676735,Vasili,Bladder,vbladdercn@seesaa.net,Nashville,TN,37240,8800.73
5048372615701386,Raddie,Jeannesson,rjeannessonco@skyrock.com,Panama City,FL,32412,3174.72
5010122173270892,Kaitlynn,Dunsire,kdunsirecp@bbb.org,Washington,DC,20420,3039.8
5007667667274128,Henderson,Hutchence,hhutchencecq@pen.io,Detroit,MI,48206,2747.45
5010124904778946,Reba,Ossulton,rossultoncr@ustream.tv,Glendale,CA,91205,4152.68
5426932831999718,Cherry,Wildor,cwildorcs@sakura.ne.jp,El Paso,TX,79928,3278.83
5007660770353475,Titos,Treece,ttreecect@wufoo.com,Arlington,VA,22217,5596.62
5100131082157067,Biron,Ayshford,bayshfordcu@creativecommons.org,Indianapolis,IN,46247,4873.25
5100175539834216,Lezlie,Pitchford,lpitchfordcv@symantec.com,Toledo,OH,43699,7088.57
5048370236119327,Brigham,Cowlishaw,bcowlishawcw@europa.eu,Oakland,CA,94616,9931.97
5577983930931075,Loreen,McCurley,lmccurleycx@yellowpages.com,Newark,DE,19725,4860.25
5100148818206448,Katheryn,Shields,kshieldscy@icio.us,Tampa,FL,33680,8620.12
5048375703815497,Griffith,Drew-Clifton,gdrewcliftoncz@globo.com,San Mateo,CA,94405,373.92
5002351215122395,Larisa,Eccleshare,leccleshared0@google.co.uk,Montgomery,AL,36177,8055.05
5131620474105687,Erl,Cradey,ecradeyd1@state.tx.us,Cincinnati,OH,45254,847.1
5048370881885313,Shandee,McSweeney,smcsweeneyd2@yellowbook.com,Springfield,IL,62756,9279.84
5485928078995383,Bud,Allsworth,ballsworthd3@i2i.jp,Memphis,TN,38143,4340.59
5202731478935872,Ailene,Gravet,agravetd4@sfgate.com,Tulsa,OK,74184,6209.13
5010128302430729,Teresita,Morbey,tmorbeyd5@sohu.com,Detroit,MI,48224,7959.99
5279715203727660,Agosto,Reinhard,areinhardd6@cam.ac.uk,Irvine,CA,92717,1930.88
5002355326185811,Jessie,Cauley,jcauleyd7@mtv.com,Clearwater,FL,34629,7946.34
5100170905934575,Sile,Leaning,sleaningd8@opensource.org,Decatur,GA,30089,5530.49
5048372470742848,Gilberte,Marien,gmariend9@slideshare.net,Chandler,AZ,85246,2047.26
5048374168320937,Dulcia,Gauch,dgauchda@woothemes.com,Dallas,TX,75379,758.6
5103347314758400,Dorthy,Enticott,denticottdb@marketwatch.com,Bethesda,MD,20892,4859.49
5010124866014439,Logan,Canfield,lcanfielddc@addthis.com,San Diego,CA,92121,3299.36
5596130159710593,Seka,Kimmins,skimminsdd@chronoengine.com,Salem,OR,97306,2125.05
5531045080988845,Merrill,Wigmore,mwigmorede@goo.gl,Alhambra,CA,91841,7464.46
5100147479287846,Esta,Sipson,esipsondf@list-manage.com,Fort Wayne,IN,46852,9917.32
5144295013529898,Link,Coping,lcopingdg@g.co,Mc Keesport,PA,15134,8970.66
5007663089093923,Morley,Thripp,mthrippdh@biglobe.ne.jp,Vero Beach,FL,32964,4825.14
5048371804417432,Sonny,Cradick,scradickdi@dropbox.com,Atlanta,GA,30351,7743.32
5428855705112001,Virgina,Waplington,vwaplingtondj@youtube.com,Sacramento,CA,95852,9352.03
5100179252467212,Mack,Lafontaine,mlafontainedk@surveymonkey.com,Cedar Rapids,IA,52405,397.06
5259320957910564,Jarid,Gravett,jgravettdl@princeton.edu,Shreveport,LA,71161,6667.01
5324517586648355,Will,Hanalan,whanalandm@ifeng.com,Cleveland,OH,44130,742.79
5010125194764082,Marne,Pawelek,mpawelekdn@photobucket.com,Washington,DC,20226,1413.98
5108750367187465,Corry,Headon,cheadondo@people.com.cn,Pomona,CA,91797,8285.1
5503680561649922,Nady,Shouler,nshoulerdp@theguardian.com,Grand Rapids,MI,49560,9950.68
5002354387478272,Lauritz,Mott,lmottdq@typepad.com,Miami,FL,33261,3054.33
5100172499864986,Lorilee,Woodruffe,lwoodruffedr@stumbleupon.com,Farmington,MI,48335,7241.26
5100171037333298,Leigh,Greaterex,lgreaterexds@unicef.org,Amarillo,TX,79188,560.71
5048376030506981,Bert,Wealleans,bwealleansdt@mtv.com,Montgomery,AL,36125,2226.01
5202550852024545,Bibi,Ridger,bridgerdu@princeton.edu,Peoria,IL,61640,9663.26
5100132536343584,Sansone,Heliar,sheliardv@cocolog-nifty.com,Las Vegas,NV,89125,8461.03
5100175197043464,Maxi,Haslegrave,mhaslegravedw@jigsy.com,Louisville,KY,40298,9957.43
5100179889749974,Janifer,Birdall,jbirdalldx@reuters.com,New York City,NY,10079,5196.19
5406783848145181,Lay,Mantle,lmantledy@t.co,Clearwater,FL,34629,169.21
5100147897195787,Chen,Beardon,cbeardondz@dropbox.com,San Francisco,CA,94177,3440.52
5243348667930852,Corissa,Ulrik,culrike0@geocities.com,Miami,FL,33164,5482.12
5100146291289287,Dennison,Driffill,ddriffille1@comsenz.com,Savannah,GA,31416,9663.32
5378221130100634,Jewel,Millard,jmillarde2@networkadvertising.org,Phoenix,AZ,85045,9838.93
5100148108355251,Stern,Romeuf,sromeufe3@paypal.com,Raleigh,NC,27658,4447.31
5205703397538662,Marni,Kreber,mkrebere4@deliciousdays.com,Omaha,NE,68124,2729.31
5137712905534389,Derron,Chiddy,dchiddye5@reverbnation.com,Birmingham,AL,35231,4681.86
5048378531996281,Taddeusz,Clague,tclaguee6@dion.ne.jp,Miami,FL,33175,8214.17
5048378750850607,Paddy,Erasmus,perasmuse7@angelfire.com,Denver,CO,80299,8474.95
5100136702832650,Lock,Cogzell,lcogzelle8@domainmarket.com,Spartanburg,SC,29305,7779.04
5007661911599422,Davie,Crush,dcrushe9@hexun.com,Reno,NV,89510,5347.89
5593675216187782,Billi,Guitt,bguittea@angelfire.com,El Paso,TX,79955,1807.27
5007665096775574,Melonie,Hartwell,mhartwelleb@epa.gov,San Mateo,CA,94405,3823.9
5108750543086904,Lenard,Storres,lstorresec@arstechnica.com,Beaufort,SC,29905,2179.27
5100172613200265,Kassi,Ashington,kashingtoned@bizjournals.com,Utica,NY,13505,4323.03
5007664537534591,Chadd,Mathiassen,cmathiassenee@ezinearticles.com,Indianapolis,IN,46278,1328.78
5007664484623611,Coralie,Blakey,cblakeyef@seattletimes.com,Rochester,NY,14619,2778.51
5436236958145370,Krystal,Hasely,khaselyeg@homestead.com,North Hollywood,CA,91616,2713.06
5007667336531270,Gerhardine,Hollows,ghollowseh@woothemes.com,Stockton,CA,95219,6558.56
5493055377356099,Lorin,Botterman,lbottermanei@seesaa.net,Orlando,FL,32819,9253.39
5108759622632934,Frederic,Mc Meekan,fmcmeekanej@utexas.edu,Toledo,OH,43666,4133.27
5002358581506366,Ellary,Witherow,ewitherowek@imgur.com,Sioux Falls,SD,57110,540.63
5100171610718634,Ruperta,Adlington,radlingtonel@hhs.gov,Saint Paul,MN,55146,6629.43
5167073959636940,Aubrette,Sherrum,asherrumem@vk.com,Fort Myers,FL,33906,4445.22
5329931448399187,Allianora,Croizier,acroizieren@wikispaces.com,Baton Rouge,LA,70894,6980.28
5002350263140879,Magnum,Tiner,mtinereo@cmu.edu,Sacramento,CA,94230,7938.35
5100138461732469,Reine,Samwyse,rsamwyseep@bloglines.com,Minneapolis,MN,55402,2400.27
5010125221613989,Creight,Doughtery,cdoughteryeq@dropbox.com,Birmingham,AL,35242,4029.25
5010129470355292,Cornie,Yushachkov,cyushachkover@tripadvisor.com,Pittsburgh,PA,15279,5397.86
5218648903436346,Emelita,Proske,eproskees@sakura.ne.jp,Dulles,VA,20189,4857.34
5048375690821938,Matthew,Bachmann,mbachmannet@foxnews.com,Syracuse,NY,13210,9602.43
5108634314494291,Melodie,Casali,mcasalieu@bigcartel.com,Toledo,OH,43615,9103.68
5100174093526821,Clemmy,Rozsa,crozsaev@squidoo.com,Phoenix,AZ,85035,3103.86
5286799491782984,Fabiano,MacEnelly,fmacenellyew@msn.com,Los Angeles,CA,90020,7836.99
5002359235247175,Petronille,Dowdle,pdowdleex@ed.gov,Albany,NY,12227,8261.03
5522309346561585,Aleece,Raubenheim,araubenheimey@csmonitor.com,West Palm Beach,FL,33416,5692.02
5328878171468468,Denna,Allabush,dallabushez@shareasale.com,Bronx,NY,10469,38.76
5590916359645969,Timi,Rivaland,trivalandf0@china.com.cn,Topeka,KS,66622,8611.8
5007667323473460,Bryant,Deares,bdearesf1@github.io,Shreveport,LA,71130,6060.28
5100177206423067,Leigh,Slipper,lslipperf2@miibeian.gov.cn,Tulsa,OK,74108,6162.35
5010120466839100,Torin,Condliffe,tcondliffef3@theguardian.com,Erie,PA,16522,9500.32
5100134786608781,Nick,Beviss,nbevissf4@yale.edu,Mesa,AZ,85215,8332.19
5100144799286830,Rudy,Megarrell,rmegarrellf5@zimbio.com,Conroe,TX,77305,2802.49
5002353692912553,Trudy,Gilchrist,tgilchristf6@etsy.com,Austin,TX,78778,5565.87
5100174681789658,Coleman,Illsley,cillsleyf7@g.co,Hartford,CT,06160,6794.36
5100177300115197,Leeanne,McLaren,lmclarenf8@epa.gov,Cincinnati,OH,45271,9465.35
5010129268464397,Marjorie,Immins,mimminsf9@nyu.edu,Reading,PA,19610,8296.49
5100144171669389,Stephana,Brandsen,sbrandsenfa@alibaba.com,Apache Junction,AZ,85219,3552.32
5458322334088998,Morey,Stackbridge,mstackbridgefb@wikispaces.com,Springfield,OH,45505,3684.75
5546126099389465,Babara,Ripsher,bripsherfc@eepurl.com,Fort Worth,TX,76134,334.69
5186058276513762,Sallyann,Dobbings,sdobbingsfd@webs.com,White Plains,NY,10606,9324.96
5100144442275776,Jemmy,McNern,jmcnernfe@cpanel.net,Norwalk,CT,06854,2573.58
5007660185990168,Karee,Radish,kradishff@cnet.com,Minneapolis,MN,55480,3928.35
5223296674966548,Harlen,Matyukon,hmatyukonfg@upenn.edu,New York City,NY,10110,285.07
5494278829736002,Cordi,McClymond,cmcclymondfh@instagram.com,Minneapolis,MN,55446,5448.61
5228527272467322,Jordan,Blything,jblythingfi@dion.ne.jp,Norfolk,VA,23509,9727.34
5391931253981734,Celestyn,Harsnep,charsnepfj@cisco.com,New Orleans,LA,70124,5875.42
5100144802032130,Lelah,Petschelt,lpetscheltfk@goo.gl,Morgantown,WV,26505,2531.81
5100174230826480,Jerrilyn,Aucock,jaucockfl@blogger.com,Rochester,NY,14624,9028.22
5010127438247213,Carita,Winterburn,cwinterburnfm@washington.edu,Birmingham,AL,35225,9355.58
5002353363196403,Stacee,Fitzhenry,sfitzhenryfn@amazon.com,Vienna,VA,22184,7570.87
5100140872852845,Philippa,De Lasci,pdelascifo@youtube.com,Miami,FL,33283,9465.71
5520056170051751,Merrili,Isacsson,misacssonfp@ucsd.edu,New Castle,PA,16107,9767.2
5232197632898584,Dorise,Glendinning,dglendinningfq@indiatimes.com,Charleston,SC,29424,178.95
5158169902381591,Cathee,Statter,cstatterfr@surveymonkey.com,Milwaukee,WI,53210,4550.26
5002357185848851,Dionysus,Slocom,dslocomfs@dedecms.com,Corpus Christi,TX,78470,1886.83
5048370939569398,Fabian,Muncie,fmuncieft@nature.com,Indianapolis,IN,46295,1896.08
5261724746755246,Sheryl,Mulholland,smulhollandfu@instagram.com,Springfield,IL,62764,748.57
5281869756538218,Sloane,Osbourne,sosbournefv@photobucket.com,Brooklyn,NY,11215,2447.38
5202970181322131,Udall,Render,urenderfw@joomla.org,Homestead,FL,33034,3857.19
5599957434926603,Fleming,Augustus,faugustusfx@pinterest.com,Miami,FL,33261,628.07
5108758315987407,Rutherford,Southey,rsoutheyfy@nbcnews.com,Concord,CA,94522,8860.66
5100133485499344,Miguelita,Trayford,mtrayfordfz@google.es,Omaha,NE,68197,8759.26
5568179346464949,Martguerita,Laity,mlaityg0@unblog.fr,Washington,DC,20337,9400.55
5010122776141565,Marline,Dincey,mdinceyg1@qq.com,Evansville,IN,47732,3107.49
5497390084980113,Idalina,Getley,igetleyg2@hc360.com,Austin,TX,78744,3969.57
5100136907797773,Laird,Gyford,lgyfordg3@biblegateway.com,Washington,DC,20409,3938.96
5239444469848966,Josh,Dyment,jdymentg4@cbc.ca,Orlando,FL,32813,4702.67
5010120933714985,Yalonda,Harrold,yharroldg5@cnn.com,Austin,TX,78789,5445.52
5048379379887699,Arda,Boggis,aboggisg6@ca.gov,Greensboro,NC,27425,1116.1
5307609869842796,Tab,Maber,tmaberg7@wordpress.org,Las Vegas,NV,89140,7252.83
5100177468141548,Yvette,Fidgeon,yfidgeong8@cornell.edu,Fort Myers,FL,33906,2363.79
5010126325654929,Leupold,Agglio,laggliog9@cdc.gov,Fairfield,CT,06825,214.26
5007666235432820,Corrianne,Gligoraci,cgligoraciga@nbcnews.com,Decatur,GA,30089,6136.34
5487190495468647,Heinrick,Gammons,hgammonsgb@cpanel.net,Wilkes Barre,PA,18763,6065.87
5100171055459074,Duff,O'Rafferty,doraffertygc@umich.edu,Farmington,MI,48335,1792.89
5438117310781805,Micaela,Pedrielli,mpedrielligd@ucoz.com,Youngstown,OH,44511,7483.34
5100141382421667,Elisabeth,Quin,equinge@slideshare.net,Washington,DC,20215,3768.52
5415656066336923,Thurston,Kissell,tkissellgf@wikimedia.org,New York City,NY,10090,4967.28
5336599664638629,Karilynn,Larner,klarnergg@wiley.com,Chattanooga,TN,37416,6320.35
5048373964317691,Sindee,BoHlingolsen,sbohlingolsengh@army.mil,Carol Stream,IL,60158,4123.17
5312145641068973,Dudley,Dine-Hart,ddinehartgi@si.edu,Fort Wayne,IN,46867,9526.42
5363662330930584,Cecilio,Naisby,cnaisbygj@pagesperso-orange.fr,San Jose,CA,95194,3335.84
5007661775503114,Timofei,Romeril,tromerilgk@state.gov,Nashville,TN,37228,911.08
5207780717724063,Brynn,Scholes,bscholesgl@theatlantic.com,Huntsville,AL,35815,148.72
5414875120920545,Brnaba,Curro,bcurrogm@msn.com,Laurel,MD,20709,9098.55
5193569952771954,Noble,MacCallum,nmaccallumgn@csmonitor.com,Alexandria,LA,71307,1708.9
5048371947396816,Idell,Kibbe,ikibbego@clickbank.net,Durham,NC,27710,8181.94
5100133839135263,Buck,Vardy,bvardygp@51.la,Anderson,IN,46015,4128.11
5438676573703293,Jasun,Banasik,jbanasikgq@reverbnation.com,Tucson,AZ,85748,5657.67
5566340685984960,Germain,Waitland,gwaitlandgr@clickbank.net,Roanoke,VA,24048,2464.85
5100144345896215,Salomo,Stockoe,sstockoegs@canalblog.com,Florence,SC,29505,4793.0
5100174909621238,Tan,Scarse,tscarsegt@gravatar.com,Los Angeles,CA,90025,5605.66
5100137503635060,Roderigo,Scaife,rscaifegu@newsvine.com,San Bernardino,CA,92415,9519.86
5048371918779149,Terrence,Akenhead,takenheadgv@wunderground.com,Stockton,CA,95210,1322.33
5048375619263329,Ezmeralda,Gummary,egummarygw@dyndns.org,Norcross,GA,30092,8710.02
5211382306123494,Lucie,Fenech,lfenechgx@cargocollective.com,Albuquerque,NM,87140,3316.11
5010129410313146,Larry,Bordis,lbordisgy@cbslocal.com,Denver,CO,80235,8776.59
5100175291072047,Nissy,Paul,npaulgz@histats.com,Youngstown,OH,44511,664.01
5540524160523119,Sharl,Caird,scairdh0@netlog.com,Newport News,VA,23612,5209.4
5251789862600759,Montgomery,Huntar,mhuntarh1@theguardian.com,Montgomery,AL,36104,1957.32
5108751121289738,Joshuah,Christophle,jchristophleh2@wp.com,Miami,FL,33283,4782.77
5007668037029853,Donall,Beverage,dbeverageh3@e-recht24.de,Denver,CO,80299,2639.26
5100146710383521,Anallise,Flay,aflayh4@slideshare.net,Littleton,CO,80161,4565.28
5100178634894812,Stu,Ughelli,sughellih5@booking.com,Oklahoma City,OK,73109,2334.67
5048371435129505,Felipa,Falcus,ffalcush6@europa.eu,Midland,TX,79705,7015.37
5007668027225206,Beltran,Newband,bnewbandh7@fda.gov,El Paso,TX,79923,4467.45
5002353841794605,Giulio,Curado,gcuradoh8@msu.edu,Stockton,CA,95205,5525.85
5100149458744722,Johnna,Tapper,jtapperh9@time.com,Everett,WA,98206,5235.84
5100179338316128,Valeda,Graham,vgrahamha@upenn.edu,East Saint Louis,IL,62205,9032.47
5578010316965110,Sean,Capaldi,scapaldihb@telegraph.co.uk,Fort Worth,TX,76115,3553.39
5048379640018181,Aldrich,Itshak,aitshakhc@prlog.org,Muskegon,MI,49444,7671.38
5362164857670637,Madel,Ackroyd,mackroydhd@newyorker.com,Charleston,WV,25336,5814.19
5048374711430191,Vicky,Jeaffreson,vjeaffresonhe@biglobe.ne.jp,New York City,NY,10120,1423.46
5343025210539344,Joscelin,Keward,jkewardhf@senate.gov,Los Angeles,CA,90050,1160.74
5546397282039684,Nicolai,Kennford,nkennfordhg@e-recht24.de,Albany,NY,12210,9515.85
5010127540850003,Alverta,Camings,acamingshh@weibo.com,Honolulu,HI,96815,4900.95
5100134689672801,Augie,Bilton,abiltonhi@delicious.com,Tampa,FL,33647,3118.7
5100131580250380,Blakeley,Langthorne,blangthornehj@weibo.com,Atlanta,GA,30343,8941.66
5128775904900993,Josephina,Bunten,jbuntenhk@nymag.com,Marietta,GA,30061,9956.08
5108755060952727,Wittie,Jozwicki,wjozwickihl@wufoo.com,Charleston,SC,29411,3562.88
5010129609228725,Mae,Gregore,mgregorehm@geocities.jp,Chicago,IL,60652,2500.96
5010124597131270,Irv,Gallemore,igallemorehn@zdnet.com,Lynchburg,VA,24503,5249.51
5010120291212705,Israel,Hunton,ihuntonho@canalblog.com,Fort Worth,TX,76115,8004.0
5200842923903100,Kenneth,Lefever,klefeverhp@sitemeter.com,San Antonio,TX,78210,9428.63
5526205382039518,Saleem,Fergusson,sfergussonhq@msu.edu,Largo,FL,33777,8995.23
5290950632875872,Diane,Mintoff,dmintoffhr@skyrock.com,Ocala,FL,34479,1453.69
5100148261745462,Grover,Warboys,gwarboyshs@jiathis.com,Kansas City,MO,64190,972.13
5170089430499190,Gaye,Le Maitre,glemaitreht@nature.com,Lafayette,LA,70593,6173.98
5133900627846660,Corrine,Costin,ccostinhu@businesswire.com,Austin,TX,78715,746.7
5108755897138854,Lelia,Nower,lnowerhv@behance.net,Las Vegas,NV,89135,2216.69
5108750434041414,Orland,Warland,owarlandhw@amazon.co.jp,Mountain View,CA,94042,1451.18
5108116706763590,Jabez,Edyson,jedysonhx@nymag.com,Albuquerque,NM,87121,6197.23
5100173930021343,Forster,Labern,flabernhy@webs.com,Houston,TX,77040,754.67
5048377637181939,Serene,Shoesmith,sshoesmithhz@google.co.uk,Fort Worth,TX,76162,3577.34
5007668047263112,Shelbi,Barhem,sbarhemi0@simplemachines.org,Washington,DC,20268,7015.06
5358024563933354,Marlon,Dosedale,mdosedalei1@zimbio.com,Duluth,MN,55805,4636.05
5010126363874926,Alli,Maggs,amaggsi2@free.fr,Raleigh,NC,27605,1213.87
5108753574489039,Sheelah,Koopman,skoopmani3@phoca.cz,Fort Wayne,IN,46825,6133.43
5048370090701681,Ros,Shorland,rshorlandi4@paypal.com,Indianapolis,IN,46231,9634.36
5366866384926862,Jackelyn,Summergill,jsummergilli5@businessinsider.com,Dallas,TX,75231,1382.23
5007668403228113,Corrina,Middleditch,cmiddleditchi6@gnu.org,Green Bay,WI,54305,2998.16
5108755682980577,Analise,Rossetti,arossettii7@europa.eu,Newark,NJ,07104,5660.45
5108752648656318,Natalee,Worvill,nworvilli8@istockphoto.com,Columbus,OH,43226,70.46
5002352321166870,Tine,Melbury,tmelburyi9@salon.com,Tucson,AZ,85705,7393.19
5108754274492174,Luella,Kerfoot,lkerfootia@desdev.cn,Lafayette,LA,70505,6202.74
5287118457712514,Alisander,Pennino,apenninoib@upenn.edu,Modesto,CA,95354,4020.49
5108759584356357,Vanya,Dredge,vdredgeic@cocolog-nifty.com,Mobile,AL,36622,4719.51
5002354332379567,Si,Reaper,sreaperid@tmall.com,San Francisco,CA,94116,9153.63
5007665193295476,Myrilla,Shirlaw,mshirlawie@dailymail.co.uk,Boston,MA,02298,6026.23
5105035144935185,Sheffield,Grazier,sgrazierif@yellowbook.com,Moreno Valley,CA,92555,6632.71
5100143569279421,Thoma,Arnoll,tarnollig@artisteer.com,Charleston,WV,25313,4089.4
5100178971854072,Valene,Axup,vaxupih@globo.com,Winston Salem,NC,27116,2839.83
5108751119036034,Kendell,Sute,ksuteii@stumbleupon.com,Van Nuys,CA,91499,2252.02
5360272397480474,Felisha,Everill,feverillij@redcross.org,Philadelphia,PA,19191,60.29
5534682378855463,Keenan,Hawthorn,khawthornik@xrea.com,Kansas City,MO,64160,3819.35
5010126448693572,Sharia,Gotts,sgottsil@google.fr,Duluth,MN,55811,3435.33
5100138559008921,Kayle,Guittet,kguittetim@trellian.com,Sparks,NV,89436,4051.67
5100141587163551,Aurie,Kundert,akundertin@networksolutions.com,Memphis,TN,38168,5387.75
5100147155991356,Ringo,Wycliffe,rwycliffeio@fastcompany.com,Norwalk,CT,06854,1092.38
5010126716484464,Silva,Ketteman,skettemanip@icq.com,Columbia,SC,29215,8044.18
5007667190300283,Elset,Summerton,esummertoniq@ed.gov,Lincoln,NE,68517,4227.39
5100178976209744,Bordie,Freke,bfrekeir@usa.gov,Brooklyn,NY,11231,1320.63
5007662917515990,Nathaniel,Novic,nnovicis@cafepress.com,Toledo,OH,43656,1787.36
5100149893276116,Idell,Marchington,imarchingtonit@cam.ac.uk,Kansas City,KS,66105,8245.24
5100170114738114,Mahala,Guswell,mguswelliu@opera.com,Kent,WA,98042,6877.15
5002355713278104,Clarey,Hafner,chafneriv@cbslocal.com,Sarasota,FL,34238,9215.66
5100174649617900,Brittni,Nealy,bnealyiw@ibm.com,Philadelphia,PA,19109,1568.89
5100178195858131,Margarita,Pereira,mpereiraix@aboutads.info,Philadelphia,PA,19172,1890.88
5007663009189041,Marlo,Dotson,mdotsoniy@chicagotribune.com,Portland,OR,97221,3459.88
5279699616451508,Benson,Denniss,bdennissiz@parallels.com,Minneapolis,MN,55428,7003.01
5108755618997240,Heather,Cregeen,hcregeenj0@cpanel.net,Boise,ID,83757,5996.87
5431004610460099,Janine,Strapp,jstrappj1@washingtonpost.com,Salt Lake City,UT,84199,680.69
5048379653972431,Dare,Scottrell,dscottrellj2@redcross.org,Duluth,GA,30195,7906.0
5108755423829851,Oriana,Fosserd,ofosserdj3@ovh.net,Sacramento,CA,95818,309.45
5225938592776768,Kathrine,Cove,kcovej4@rambler.ru,Clearwater,FL,34620,4978.82
5010124064696243,Hamid,Perkin,hperkinj5@chronoengine.com,Van Nuys,CA,91499,3340.41
5413997291124334,Artie,Tiddy,atiddyj6@ca.gov,Baltimore,MD,21211,9804.84
5010129760184352,Dell,Daly,ddalyj7@edublogs.org,Shreveport,LA,71151,964.93
5149630761773238,Jammal,Standingford,jstandingfordj8@zimbio.com,Burbank,CA,91505,207.69
5189654439852761,Rabi,Cully,rcullyj9@fda.gov,New Bedford,MA,02745,2946.45
5397503423403032,Arthur,Beaushaw,abeaushawja@sogou.com,Dallas,TX,75236,6038.05
5535597820473757,Inesita,Frame,iframejb@paginegialle.it,Indianapolis,IN,46216,6988.22
5010127720040748,Annecorinne,Prott,aprottjc@imdb.com,Saint Louis,MO,63180,8394.73
5010121349143066,Orel,Hanselman,ohanselmanjd@utexas.edu,Washington,DC,20029,5128.74
5176024621242855,Granthem,Orpyne,gorpyneje@pinterest.com,Richmond,VA,23237,219.41
5100134666839498,Karl,Toffano,ktoffanojf@illinois.edu,Charlotte,NC,28272,7205.67
5048379397413346,Sherline,Vittet,svittetjg@godaddy.com,Austin,TX,78754,6625.95
5100142921719280,Valdemar,Folling,vfollingjh@pagesperso-orange.fr,Saint Louis,MO,63116,4214.1
5100172192435316,Shea,Rainey,sraineyji@prweb.com,Inglewood,CA,90305,8578.91
5010124879638588,Brittani,Dani,bdanijj@biglobe.ne.jp,Toledo,OH,43610,387.59
5100145878406348,Vin,Ianne,viannejk@google.co.jp,Monticello,MN,55590,2335.59
5010122117948660,Zelma,Pilling,zpillingjl@blogger.com,West Palm Beach,FL,33411,2280.44
5007666297991630,Mehetabel,Van Hault,mvanhaultjm@pagesperso-orange.fr,Norfolk,VA,23509,3016.38
5048376563165239,Caty,Roder,croderjn@privacy.gov.au,Louisville,KY,40210,7337.64
5289434993281411,Marshall,Tallboy,mtallboyjo@sciencedaily.com,Atlanta,GA,31196,7046.11
5002356497194939,Nevil,Lesor,nlesorjp@seattletimes.com,Midland,MI,48670,5688.15
5200396260110811,Laughton,Hysom,lhysomjq@163.com,Bethlehem,PA,18018,2873.08
5343696006822621,Felicdad,Kennaway,fkennawayjr@economist.com,New York City,NY,10170,6497.58
5100178223241045,Annabela,Russ,arussjs@google.co.uk,Minneapolis,MN,55423,8770.56
5100174275537414,Micheil,Bole,mbolejt@patch.com,Jackson,MS,39236,7335.58
5002357219741288,Jilleen,Crump,jcrumpju@bing.com,Los Angeles,CA,90101,3459.67
5007660953728717,Claudine,Penton,cpentonjv@bloomberg.com,Tuscaloosa,AL,35405,611.52
5002351474556119,Kipper,Crease,kcreasejw@bandcamp.com,Orlando,FL,32835,2774.93
5010120336254233,Carolyne,MacGillivrie,cmacgillivriejx@themeforest.net,Waco,TX,76711,9695.36
5010120302660249,Merline,Aisthorpe,maisthorpejy@soup.io,Topeka,KS,66642,872.22
5002350135150023,Waylin,Kew,wkewjz@bizjournals.com,Bakersfield,CA,93381,5574.19
5189026301787765,Nickie,Purrington,npurringtonk0@un.org,Fairbanks,AK,99709,4485.26
5322101308782131,Khalil,Egginson,kegginsonk1@aboutads.info,Pittsburgh,PA,15220,3831.29
5002351088910405,Roobbie,Colpus,rcolpusk2@goo.gl,El Paso,TX,79984,199.27
5157976559306882,Conroy,Youson,cyousonk3@woothemes.com,Mobile,AL,36616,459.36
5100137972563769,Marie,Hechlin,mhechlink4@nyu.edu,Chicago,IL,60657,9924.44
5010123297767458,Alessandro,Creegan,acreegank5@technorati.com,Brooklyn,NY,11225,3803.86
5002350467182644,Tristan,Guillot,tguillotk6@google.com.hk,Des Moines,IA,50936,9867.02
5100175941860346,Eloisa,Seawright,eseawrightk7@cbc.ca,Charleston,WV,25313,4854.36
5100133652884054,Grange,Gantlett,ggantlettk8@tripod.com,Charlotte,NC,28220,2370.86
5002357067450081,Allard,Chestnutt,achestnuttk9@wikia.com,Bakersfield,CA,93311,104.43
5345716446529574,Launce,Middis,lmiddiska@dmoz.org,Bronx,NY,10474,2398.41
5420470463220083,Missy,Culham,mculhamkb@census.gov,Young America,MN,55551,1184.34
5002350258878897,Anne,Ingerfield,aingerfieldkc@weibo.com,Raleigh,NC,27658,2053.53
5100134280132429,Herrick,Huckett,hhuckettkd@photobucket.com,Omaha,NE,68124,2724.57
5397415643554249,Horatio,Lethabridge,hlethabridgeke@woothemes.com,Salem,OR,97306,2516.65
5326994650129448,Bengt,Di Biaggi,bdibiaggikf@icq.com,San Jose,CA,95118,3733.27
5010127384723571,Coleman,Kerbler,ckerblerkg@vimeo.com,Saint Petersburg,FL,33731,1174.28
5010127625216484,Fiona,Kohneke,fkohnekekh@purevolume.com,Inglewood,CA,90398,4428.18
5048371694494038,Kelcey,Pund,kpundki@pen.io,Richmond,VA,23242,7639.82
5365324375076363,Tommie,Salmon,tsalmonkj@zdnet.com,Wichita,KS,67215,3877.99
5010127802028835,Lewiss,Piscopello,lpiscopellokk@plala.or.jp,Juneau,AK,99812,7562.71
5048373248700894,Peggi,Wase,pwasekl@addthis.com,South Bend,IN,46614,2990.16
5048371215363670,Honor,Gowman,hgowmankm@blogspot.com,Ocala,FL,34479,7283.05
5010120629742381,Sandy,Amiranda,samirandakn@umich.edu,New York City,NY,10105,4939.09
5437883428349808,Rickey,Gallardo,rgallardoko@networksolutions.com,Erie,PA,16565,5783.67
5324037849297296,Ernesto,Formby,eformbykp@lycos.com,Washington,DC,20220,2950.93
5533130308477165,Auroora,O'Scanlan,aoscanlankq@hubpages.com,San Bernardino,CA,92405,7236.52
5007664358065816,Jasun,Matys,jmatyskr@kickstarter.com,Birmingham,AL,35220,5462.29
5325818269817963,Rozelle,Fleckney,rfleckneyks@senate.gov,Brockton,MA,02405,3048.62
5589878458003461,Justen,Boch,jbochkt@ucoz.ru,Joliet,IL,60435,8110.61
5165297484047867,Tonya,Praill,tpraillku@jugem.jp,Albuquerque,NM,87195,3586.27
5100149015303897,Calhoun,Adam,cadamkv@disqus.com,Norfolk,VA,23551,8719.97
5100176204573014,Chic,Rookwell,crookwellkw@squarespace.com,Seattle,WA,98115,57.9
5048378561312623,Rayshell,Kiefer,rkieferkx@dailymotion.com,Cleveland,OH,44191,6699.29
5002359960924113,Maye,Stanning,mstanningky@biblegateway.com,Stamford,CT,06905,7164.6
5100179340564889,Willetta,Lowseley,wlowseleykz@bing.com,Tacoma,WA,98464,7016.01
5010127288463886,Debera,Farebrother,dfarebrotherl0@constantcontact.com,Tyler,TX,75710,516.76
5453601066463346,Hasty,Espada,hespadal1@dion.ne.jp,Tyler,TX,75705,7734.41
5103358013181687,Lemmy,Spere,lsperel2@hexun.com,Irvine,CA,92619,7342.68
5048373403363934,Wendeline,Lobe,wlobel3@google.pl,Elmira,NY,14905,9044.48
5283205100125782,Tiphanie,Frugier,tfrugierl4@timesonline.co.uk,Scottsdale,AZ,85260,4939.41
5198131621996564,Karmen,Fishley,kfishleyl5@cdc.gov,Wilkes Barre,PA,18706,6662.34
5002356843033534,Sibyl,Wyard,swyardl6@vinaora.com,Portland,OR,97255,4572.77
5002350329205260,Kurtis,Chessil,kchessill7@bravesites.com,Huntington,WV,25721,5060.26
5010127313085209,Mathian,Ickovitz,mickovitzl8@theglobeandmail.com,Tacoma,WA,98481,7812.59
5010125549934299,Maurise,Pattison,mpattisonl9@cam.ac.uk,Washington,DC,20088,9703.34
5007664186730805,Garfield,Longshaw,glongshawla@networksolutions.com,Naples,FL,33963,8653.79
5100143962818486,Blinny,Caldicot,bcaldicotlb@uol.com.br,Loretto,MN,55598,7154.07
5167592401811678,Hersch,Ivanaev,hivanaevlc@hexun.com,Birmingham,AL,35205,2087.17
5100138466953201,Hannah,Grayland,hgraylandld@who.int,San Bernardino,CA,92410,8679.31
5002357757272282,Gasparo,Maffy,gmaffyle@google.com,Houston,TX,77025,6755.52
5007661522636605,Winn,Farrah,wfarrahlf@amazonaws.com,Scottsdale,AZ,85255,8585.17
5332334945903517,Orren,Oakenfall,ooakenfalllg@ycombinator.com,Philadelphia,PA,19115,6730.44
5499043280030468,D'arcy,Helian,dhelianlh@washingtonpost.com,Colorado Springs,CO,80951,5440.59
5192791774411947,Vivienne,Cullington,vcullingtonli@artisteer.com,Paterson,NJ,07522,3811.06
5048374290525502,Jessalyn,Philippault,jphilippaultlj@reddit.com,Raleigh,NC,27626,8342.27
5542925831374006,Tore,Maylour,tmaylourlk@goo.ne.jp,Lansing,MI,48912,7147.67
5108755291085891,Arnuad,Cant,acantll@studiopress.com,Cleveland,OH,44125,165.65
5007668497077137,Eadmund,Poel,epoellm@weather.com,Hialeah,FL,33018,6744.06
5100173930502243,Fredericka,Kermit,fkermitln@multiply.com,Southfield,MI,48076,5077.29
5007669538517867,Torie,Ellacott,tellacottlo@dmoz.org,Marietta,GA,30066,1026.12
5048378384169374,Goldina,Trye,gtryelp@nps.gov,Washington,DC,56944,7170.93
5498460655999096,Ashleigh,Sowerby,asowerbylq@cocolog-nifty.com,Toledo,OH,43615,3386.85
5157848744995376,Wilden,Eggle,wegglelr@netlog.com,Concord,CA,94522,4113.72
5100148010677891,Juline,Curson,jcursonls@instagram.com,Charleston,WV,25356,6908.34
5108753598158867,Sidonnie,Naper,snaperlt@prlog.org,Fort Smith,AR,72905,8836.51
5007663224980976,Morlee,Phelp,mphelplu@youku.com,Scottsdale,AZ,85260,7413.49
5100174877490814,Uta,Church,uchurchlv@histats.com,Miami,FL,33169,5707.71
5223785783580158,Brannon,Reolfi,breolfilw@ucoz.ru,Detroit,MI,48275,8047.89
5591754320312230,Elayne,North,enorthlx@ucsd.edu,Morgantown,WV,26505,7765.28
5002350519531392,Nikos,McCroft,nmccroftly@ibm.com,Indianapolis,IN,46221,9682.49
5100174246193370,Norri,Peile,npeilelz@disqus.com,Sunnyvale,CA,94089,3318.04
5010128612399440,Deeann,Disman,ddismanm0@creativecommons.org,Lexington,KY,40586,3735.84
5377470586838236,Glory,Newing,gnewingm1@hexun.com,Englewood,CO,80150,3561.79
5506288164689167,Ally,Jack,ajackm2@seattletimes.com,Dallas,TX,75260,1850.11
5354021755521637,Saw,Rowbotham,srowbothamm3@tripadvisor.com,Naperville,IL,60567,1784.6
5108757506277313,Meyer,Philps,mphilpsm4@hibu.com,Anaheim,CA,92805,7366.44
5002354184685699,Dominique,Bartoszewicz,dbartoszewiczm5@cloudflare.com,Peoria,IL,61656,6898.17
5048375938029948,Amos,Upton,auptonm6@eventbrite.com,Charlotte,NC,28284,9147.94
5010128113706838,Lavinia,Smedley,lsmedleym7@purevolume.com,Des Moines,IA,50981,3234.04
5194421106234829,Melesa,Bysh,mbyshm8@mlb.com,Omaha,NE,68197,7177.18
5100142906021314,Bancroft,Weild,bweildm9@sphinn.com,Ogden,UT,84409,6541.06
5002359306118644,Mel,Fessier,mfessierma@themeforest.net,San Jose,CA,95128,2448.95
5100179338389240,Walker,Kennon,wkennonmb@vistaprint.com,Lawrenceville,GA,30045,3785.71
5048373895229072,Rogerio,Playle,rplaylemc@booking.com,Lexington,KY,40591,5743.17
5106879317483666,Bellanca,Carslaw,bcarslawmd@jimdo.com,Boise,ID,83757,5678.48
5048379496732661,Graehme,Wreiford,gwreifordme@hatena.ne.jp,Roanoke,VA,24020,4522.84
5591369618303658,Gordy,Labin,glabinmf@dion.ne.jp,Valdosta,GA,31605,1685.66
5100149661048648,Harriet,Dericot,hdericotmg@google.fr,Gainesville,FL,32627,8937.1
5229294052754655,Loren,Hendrickson,lhendricksonmh@wired.com,North Little Rock,AR,72199,9293.23
5100134770199383,Josee,Beaman,jbeamanmi@thetimes.co.uk,Miami,FL,33111,8219.6
5100179187445473,Erinn,Di Meo,edimeomj@tripadvisor.com,Richmond,VA,23220,532.56
5100173011326249,Alika,Dymocke,adymockemk@fastcompany.com,Washington,DC,20022,2450.8
5010125193924703,Fleur,Burnhard,fburnhardml@newyorker.com,Madison,WI,53726,397.27
5010129588366603,Krishna,Rimmer,krimmermm@japanpost.jp,Montpelier,VT,05609,3275.8
5100146312577470,Francois,Hinken,fhinkenmn@goo.gl,Fort Wayne,IN,46852,9770.03
5007669784571337,Yorgo,Skryne,yskrynemo@google.ca,Los Angeles,CA,90050,8960.94
5010127908542176,Lydon,Zecchetti,lzecchettimp@narod.ru,Pensacola,FL,32590,1250.56
5048374595272552,Leodora,Glandfield,lglandfieldmq@ibm.com,Omaha,NE,68164,3681.56
5444146989316140,Beckie,Merigon,bmerigonmr@tamu.edu,Panama City,FL,32412,7272.67
5165912181807781,Kile,Aindrais,kaindraisms@icio.us,Morgantown,WV,26505,8794.26
5469057219572180,Marget,Mallock,mmallockmt@usnews.com,Columbus,MS,39705,4748.75
5100133116561074,Pavlov,Outlaw,poutlawmu@slideshare.net,Louisville,KY,40298,4577.68
5102672249179526,Elmer,Pierse,epiersemv@privacy.gov.au,Mc Keesport,PA,15134,8886.98
5100145915938972,Blakelee,Rosenhaupt,brosenhauptmw@people.com.cn,Los Angeles,CA,90087,7968.07
5108759896339018,Demetris,Crudgington,dcrudgingtonmx@dailymotion.com,Portland,OR,97232,5357.15
5421935721530225,Joleen,Piotr,jpiotrmy@google.com.au,Lexington,KY,40586,6580.8
5117942952418764,Kelvin,Galle,kgallemz@pcworld.com,Dulles,VA,20189,567.71
5100137810063048,Renaldo,Escoffier,rescoffiern0@topsy.com,Raleigh,NC,27626,6481.45
5456202226033843,Evangelin,Beedle,ebeedlen1@bbc.co.uk,Fort Worth,TX,76134,2762.08
5010121273609959,Allister,Kopta,akoptan2@msu.edu,New York City,NY,10039,6374.36
5010124055622265,Jilleen,Belshaw,jbelshawn3@marketwatch.com,Sunnyvale,CA,94089,4851.2
5100172304936144,Rasla,Cargen,rcargenn4@ibm.com,Baton Rouge,LA,70810,3613.58
5100176822617730,Anna-maria,Diggle,adigglen5@blogs.com,Honolulu,HI,96850,2046.98
5010124725699131,Lorenza,Cordner,lcordnern6@godaddy.com,Washington,DC,20319,9403.97
5110535959995466,Ailbert,Woofendell,awoofendelln7@plala.or.jp,Erie,PA,16534,9083.07
5184489378526984,Chaunce,Ozelton,cozeltonn8@themeforest.net,San Francisco,CA,94147,8124.36
5048373428623791,Ardisj,Benley,abenleyn9@ifeng.com,Trenton,NJ,08638,6248.47
5448596128014087,Mateo,Ferrarese,mferraresena@patch.com,Troy,MI,48098,5777.35
5100146469278211,Giordano,Filipson,gfilipsonnb@nhs.uk,Fort Pierce,FL,34981,4733.7
5530320826351181,Chiquia,Bairnsfather,cbairnsfathernc@rambler.ru,Manchester,NH,03105,31.46
5100137650989005,Kane,Giacomazzo,kgiacomazzond@tiny.cc,San Francisco,CA,94105,1078.48
5100132475028543,Freemon,Peterkin,fpeterkinne@chron.com,Atlanta,GA,30328,2718.09
5139082799645735,Benetta,Ruler,brulernf@va.gov,Minneapolis,MN,55417,6921.94
5205548907303069,Quinton,Theurer,qtheurerng@aboutads.info,Newton,MA,02162,3618.71
5007665957045000,Mela,Stagge,mstaggenh@delicious.com,Albuquerque,NM,87195,4062.91
5492072129155183,Sosanna,Statersfield,sstatersfieldni@economist.com,Columbus,OH,43268,3496.09
5010121169951838,Maxie,MacGall,mmacgallnj@unblog.fr,Wilkes Barre,PA,18706,6883.16
5007660867166244,Ralina,Olsen,rolsennk@google.com.hk,Oakland,CA,94611,6061.29
5229036781343072,Whitney,Burchett,wburchettnl@craigslist.org,Amarillo,TX,79165,2817.16
5277405518379686,Gennie,Penreth,gpenrethnm@cisco.com,Birmingham,AL,35295,380.1
5007662475030473,Elsinore,Bolgar,ebolgarnn@wp.com,Lincoln,NE,68524,5676.31
5316184875068611,Shanda,Antoniat,santoniatno@vinaora.com,Cleveland,OH,44130,6254.87
5100174261203559,Caterina,Arrighetti,carrighettinp@umich.edu,Huntington Beach,CA,92648,7664.59
5108759823771895,Wynne,Brunet,wbrunetnq@nyu.edu,Las Vegas,NV,89178,9996.4
5108751924230384,Yuma,Astlet,yastletnr@imgur.com,Dayton,OH,45454,1001.29
5100176707665317,Thornton,Wrennall,twrennallns@nasa.gov,Corona,CA,92883,2247.53
5460551442676221,Lucina,Bosden,lbosdennt@hostgator.com,Honolulu,HI,96810,7169.63
5100170200116647,Derril,Shorthouse,dshorthousenu@google.ca,Springfield,MA,01114,2614.44
5010127914621816,Anstice,Brophy,abrophynv@deliciousdays.com,Kansas City,MO,64142,4503.86
5048374332685728,Jenny,Killiner,jkillinernw@engadget.com,Shawnee Mission,KS,66225,2786.22
5538216139351318,Patrice,Howels,phowelsnx@mozilla.org,Tulsa,OK,74156,6366.38
5245728235026218,Bar,Westrey,bwestreyny@github.com,Brooksville,FL,34605,3369.67
5002355215491973,Nettie,Stegell,nstegellnz@surveymonkey.com,Detroit,MI,48206,2039.45
5100147722981013,Elfrieda,Buggy,ebuggyo0@umn.edu,San Diego,CA,92127,6112.19
5002357999076715,Analiese,Flute,afluteo1@icio.us,Portsmouth,VA,23705,976.75
5100132229358246,Clementine,Syce,csyceo2@spotify.com,Tampa,FL,33615,2705.65
5100173512979306,Arlena,Clifton,acliftono3@mayoclinic.com,Des Moines,IA,50393,8282.5
5007662988256649,Byron,Gong,bgongo4@flavors.me,South Bend,IN,46699,5335.0
5100172822414467,Sherman,Antyukhin,santyukhino5@baidu.com,Davenport,IA,52809,3457.88
5007662123268558,Barclay,Dandison,bdandisono6@reddit.com,New York City,NY,10260,7355.17
5010124208689971,Benedikt,Faireclough,bfaireclougho7@bing.com,Honolulu,HI,96810,6398.34
5316143438904720,Alisun,Worham,aworhamo8@timesonline.co.uk,Saint Louis,MO,63136,4786.74
5256104052487105,Dom,Jenk,djenko9@globo.com,Kansas City,MO,64101,7828.87
5100174111215696,Adriane,Grigoliis,agrigoliisoa@histats.com,Bakersfield,CA,93311,8130.85
5010122471550730,Catrina,Fells,cfellsob@army.mil,West Palm Beach,FL,33416,9510.19
5100131978566769,Hiram,Gapper,hgapperoc@instagram.com,Little Rock,AR,72204,1583.27
5132636986093285,Bellina,Muro,bmurood@wix.com,Anchorage,AK,99522,3005.61
5010120494634861,Rey,Borwick,rborwickoe@merriam-webster.com,Albany,NY,12262,9676.45
5425172504238372,Ado,Regler,areglerof@slashdot.org,Peoria,IL,61605,2890.73
5409303988556340,Thomasa,Whordley,twhordleyog@stanford.edu,Birmingham,AL,35220,9514.66
5132001908369430,Angus,Vogeller,avogelleroh@skyrock.com,Baltimore,MD,21275,7036.05
5100139728203492,Nadean,Steptowe,nsteptoweoi@cpanel.net,Baton Rouge,LA,70883,9195.87
5100147878055331,Holly,Yemm,hyemmoj@behance.net,Pittsburgh,PA,15279,2541.39
5048375833804239,Adams,Duplan,aduplanok@forbes.com,Charlotte,NC,28256,8883.02
5007666940979750,Logan,Keoghane,lkeoghaneol@github.io,Clearwater,FL,34629,2259.87
5002350907690362,Joli,Brittian,jbrittianom@ox.ac.uk,Des Moines,IA,50335,797.93
5100146007560559,Maggy,Lovelace,mlovelaceon@utexas.edu,Sacramento,CA,95813,2515.63
5461488182047181,Clerissa,Knowlman,cknowlmanoo@jugem.jp,Lubbock,TX,79410,2569.68
5124118000580217,Kanya,Mowne,kmowneop@ask.com,Greensboro,NC,27499,49.08
5048370024427650,Orel,Cowherd,ocowherdoq@engadget.com,El Paso,TX,79928,8205.15
5244926471752536,Adelice,Draayer,adraayeror@cornell.edu,Madison,WI,53710,9995.07
5225531433305648,Lusa,Blasl,lblaslos@tumblr.com,Grand Junction,CO,81505,7361.05
5100176090168937,Taddeusz,Baldi,tbaldiot@ning.com,Indianapolis,IN,46216,8483.75
5493626322566709,Sharia,Dawtry,sdawtryou@opera.com,Greenville,SC,29605,6668.92
5121757573071212,Brewer,Mattke,bmattkeov@globo.com,Pensacola,FL,32590,186.55
5548898797521213,Nonah,Ayrton,nayrtonow@usatoday.com,Lexington,KY,40596,3531.21
5048377221222016,Zared,Alvarado,zalvaradoox@illinois.edu,Denton,TX,76210,3834.59
5108757971304345,Euphemia,Smitten,esmittenoy@dailymail.co.uk,Houston,TX,77206,2940.27
5002350469631051,Bowie,Denyukhin,bdenyukhinoz@va.gov,Tucson,AZ,85705,7007.58
5108754572531723,Liam,McGilben,lmcgilbenp0@lulu.com,Shreveport,LA,71161,790.39
5100172815552927,Haroun,Baldinotti,hbaldinottip1@illinois.edu,Oakland,CA,94622,2774.48
5236711956894452,Brendin,Jekyll,bjekyllp2@gov.uk,Monticello,MN,55590,2541.84
5492051701673854,Bellanca,Priddis,bpriddisp3@furl.net,Corpus Christi,TX,78465,91.68
5010120912262295,Julio,Melhuish,jmelhuishp4@angelfire.com,Boston,MA,02298,2872.65
5010128772922791,Zola,Filipczynski,zfilipczynskip5@wordpress.org,San Antonio,TX,78296,2559.35
5100176566814741,Charlena,Alf,calfp6@stumbleupon.com,Grand Rapids,MI,49518,3058.99
5048379575425872,Richardo,Heinz,rheinzp7@ebay.co.uk,Carol Stream,IL,60351,29.26
5591675654560591,Bengt,Jeves,bjevesp8@irs.gov,Aiken,SC,29805,2798.13
5190098214665260,Yehudit,Childers,ychildersp9@army.mil,Washington,DC,20591,3145.34
5549655806452494,Baxter,Moreinis,bmoreinispa@google.cn,Mobile,AL,36641,2213.38
5007667736107168,Wallie,Bartalucci,wbartaluccipb@bloglines.com,San Antonio,TX,78296,4810.19
5365409733797642,Fannie,Bigg,fbiggpc@businessweek.com,Philadelphia,PA,19160,3584.79
5183266519703396,Stacy,Herety,sheretypd@google.com.hk,Fort Wayne,IN,46862,7295.65
5100149695234768,Hallie,Smittoune,hsmittounepe@bloomberg.com,Shreveport,LA,71166,5936.34
5048372823614934,Doralynne,Barks,dbarkspf@craigslist.org,Portland,OR,97216,6372.45
5550933314638953,Phyllis,Grocott,pgrocottpg@jimdo.com,Huntington,WV,25716,8245.94
5212708977107953,Blanca,Crawforth,bcrawforthph@phoca.cz,Raleigh,NC,27690,8601.07
5100144531930380,Grover,Palombi,gpalombipi@linkedin.com,Wilmington,DE,19810,2943.95
5142827214448494,Tamar,Northage,tnorthagepj@vk.com,Detroit,MI,48295,5884.23
5235929592418533,Anne-marie,Guess,aguesspk@buzzfeed.com,Littleton,CO,80161,886.15
5100138189777150,Selina,Royson,sroysonpl@illinois.edu,Portland,OR,97211,7829.74
5108751053584312,Franklyn,Dalgetty,fdalgettypm@bloomberg.com,Providence,RI,02905,1866.12
5007666826093221,Frants,Ainscow,fainscowpn@baidu.com,Houston,TX,77281,2746.82
5100173314436661,Lethia,Blaszczynski,lblaszczynskipo@phpbb.com,Gainesville,FL,32627,1077.26
5400318029077584,Ivie,Scawn,iscawnpp@prnewswire.com,Orlando,FL,32808,330.46
5104283053620213,Loraine,Caukill,lcaukillpq@geocities.jp,Spring,TX,77388,2061.89
5325662281438659,Irvine,D'Agostino,idagostinopr@squarespace.com,Tucson,AZ,85737,7613.75
5388017139658152,Teddi,Widmoor,twidmoorps@geocities.com,Independence,MO,64054,4339.1
5100130424687815,Lucretia,Rennie,lrenniept@google.fr,Dayton,OH,45440,1499.61
5432721455751360,Marya,Tovey,mtoveypu@vistaprint.com,Riverside,CA,92505,5326.66
5284602777170910,Valentino,Crocetti,vcrocettipv@dailymotion.com,Shawnee Mission,KS,66215,9764.41
5007664598209513,Lazar,Josefson,ljosefsonpw@guardian.co.uk,Norwalk,CT,06859,8341.22
5264356301841538,Piggy,Rands,prandspx@woothemes.com,Denver,CO,80217,9344.53
5108756069474093,Lauree,Mallabund,lmallabundpy@nymag.com,Austin,TX,78783,1176.19
5100130819900799,Mariellen,Tudgay,mtudgaypz@unesco.org,Pittsburgh,PA,15220,546.35
5551886012387902,Peggie,Medforth,pmedforthq0@youtu.be,Salt Lake City,UT,84135,314.9
5100141880758495,Stefan,De Filippi,sdefilippiq1@dell.com,Yonkers,NY,10705,7315.02
5494203092891318,Israel,Manifield,imanifieldq2@godaddy.com,Pittsburgh,PA,15240,1061.78
5100171514594412,Jaclin,Kesterton,jkestertonq3@cnet.com,Santa Ana,CA,92705,7783.29
5100142904976238,Farlie,Crompton,fcromptonq4@si.edu,Tyler,TX,75799,3939.97
5265354062731716,Jeanette,Moncaster,jmoncasterq5@cdbaby.com,Inglewood,CA,90310,7245.34
5048375952597176,Sari,Duffyn,sduffynq6@bloglovin.com,Houston,TX,77020,8042.73
5048375093845112,Ches,Ping,cpingq7@mayoclinic.com,Boca Raton,FL,33487,5579.14
5432641268064043,Flossi,Karlolczak,fkarlolczakq8@google.ca,Memphis,TN,38119,274.69
5214906122555765,Beale,Phillimore,bphillimoreq9@simplemachines.org,Chattanooga,TN,37410,1176.8
5282871976174534,Adrianna,Nott,anottqa@goodreads.com,Springfield,MA,01105,418.22
5100175494870262,Christa,Schultz,cschultzqb@tinyurl.com,Baton Rouge,LA,70883,2358.32
5512713274003191,Marilin,Favela,mfavelaqc@microsoft.com,Orlando,FL,32835,7225.01
5226638402000974,Hugo,Disman,hdismanqd@hao123.com,Amarillo,TX,79182,3920.92
5100175496539121,Lefty,Haccleton,lhaccletonqe@freewebs.com,Annapolis,MD,21405,7331.01
5007669524781824,Bastian,Dorman,bdormanqf@mozilla.org,Akron,OH,44321,3279.78
5100173248813811,Jenelle,Dundendale,jdundendaleqg@cornell.edu,Atlanta,GA,30356,559.66
5246322760221805,Helaine,Palphreyman,hpalphreymanqh@deviantart.com,Jacksonville,FL,32215,7513.91
5048372976667598,Fitzgerald,Toft,ftoftqi@intel.com,Portland,OR,97232,7101.94
5007660439615199,Harlie,Flewan,hflewanqj@shop-pro.jp,Roanoke,VA,24048,4645.32
5592192349666246,Lolly,Jentle,ljentleqk@over-blog.com,Fresno,CA,93750,5477.6
5007662014416654,Shela,Cobello,scobelloql@rambler.ru,Cleveland,OH,44105,1332.48
5583179254972769,Carey,Orknay,corknayqm@google.cn,Arlington,VA,22225,6725.64
5592474055865935,Davis,Bradmore,dbradmoreqn@mozilla.com,Washington,DC,20319,370.66
5163303543784805,Paule,Manis,pmanisqo@ox.ac.uk,Canton,OH,44720,6892.46
5117986967010660,Brigid,Wressell,bwressellqp@blinklist.com,Corpus Christi,TX,78426,4028.23
5118514797634951,Crissy,Stanyer,cstanyerqq@boston.com,Madison,WI,53790,4511.66
5002351065552410,Eva,Traut,etrautqr@noaa.gov,Las Vegas,NV,89166,3784.38
5002352505751745,Cicely,Emmerson,cemmersonqs@stanford.edu,Philadelphia,PA,19136,2112.92
5108754235804582,Cami,Reding,credingqt@virginia.edu,Miami,FL,33164,6081.75
5228848420966761,Farrel,Bingley,fbingleyqu@so-net.ne.jp,Saginaw,MI,48604,2011.18
5100174932659114,Aleta,Normaville,anormavilleqv@jalbum.net,Houston,TX,77250,6996.37
5482244876980467,Kassia,Degoe,kdegoeqw@wired.com,Fairfax,VA,22036,838.15
5336095146542737,Marketa,Closs,mclossqx@elpais.com,Pensacola,FL,32520,8911.89
5440889163137162,Camala,Bartholat,cbartholatqy@deliciousdays.com,Charlotte,NC,28205,6077.74
5048372684649912,Brigg,Mathon,bmathonqz@home.pl,Jackson,MS,39282,326.05
5260598773325441,Kent,Chaise,kchaiser0@unesco.org,Gastonia,NC,28055,2009.12
5280901315457563,Buffy,Wherrit,bwherritr1@salon.com,Muskegon,MI,49444,2990.65
5100174986615301,Danella,Guiot,dguiotr2@scribd.com,Lakeland,FL,33805,5877.17
5002357384880523,Sinclare,Akhurst,sakhurstr3@china.com.cn,West Palm Beach,FL,33411,5898.01
5397861434170226,Ryan,Gowenlock,rgowenlockr4@whitehouse.gov,Dallas,TX,75251,931.08
5100170807857692,Sibelle,Wenham,swenhamr5@gov.uk,Trenton,NJ,08650,818.62
5216328570427918,Ginevra,Stainbridge,gstainbridger6@latimes.com,Charlotte,NC,28278,8676.66
5400022756142476,Xenos,Reuben,xreubenr7@constantcontact.com,Lexington,KY,40510,2465.05
5100144090841960,Kelly,Felten,kfeltenr8@columbia.edu,Dayton,OH,45426,2271.47
5533826427925857,Haley,De Domenicis,hdedomenicisr9@webmd.com,Chicago,IL,60657,6019.61
5048379669112360,Malvina,Croll,mcrollra@mediafire.com,New Haven,CT,06505,967.47
5048376469279597,Isaac,Abrahamsson,iabrahamssonrb@simplemachines.org,Las Vegas,NV,89155,2278.26
5108752838142855,Margarethe,Bruinsma,mbruinsmarc@home.pl,Spokane,WA,99252,2878.51
5002359069384193,Gordon,Foucard,gfoucardrd@columbia.edu,Waterloo,IA,50706,5259.39
5250644799734877,Herold,Olivo,holivore@sina.com.cn,Wilmington,NC,28410,3554.05
5007668821100498,Lucine,Pine,lpinerf@ebay.com,Des Moines,IA,50936,1035.51
5002352243881895,Vale,Scrane,vscranerg@amazon.com,Wichita Falls,TX,76310,4430.98
5340567499764690,Wanids,Naper,wnaperrh@shutterfly.com,Marietta,GA,30061,5895.14
5010126476625801,Frederique,McKinie,fmckinieri@hexun.com,Huntington,WV,25775,7480.12
5010123692804815,Tiena,Castellini,tcastellinirj@zimbio.com,Charlotte,NC,28215,7242.84
5100145022417548,Emmi,Ayton,eaytonrk@tripod.com,San Jose,CA,95138,3450.13
5048379697483676,Helena,Caughan,hcaughanrl@sogou.com,Seattle,WA,98109,8686.51
5337306621953847,Dyana,Ackerman,dackermanrm@imageshack.us,Milwaukee,WI,53225,3255.41
5488928144819606,Kaine,Heustace,kheustacern@a8.net,Houston,TX,77212,2262.52
5100137221087628,Noak,McCluney,nmccluneyro@ucoz.ru,Jacksonville,FL,32204,609.14
5007661882556351,Nikolai,Nesbeth,nnesbethrp@home.pl,Newark,NJ,07188,4651.42
5108755400007760,Brnaby,Ligoe,bligoerq@geocities.jp,Clearwater,FL,33758,284.88
5048371421954254,Rosella,Kinahan,rkinahanrr@xrea.com,Canton,OH,44710,5839.54
